[NX Daemon Server] - 2025-02-20T11:02:33.491Z - Started listening on: /var/folders/0w/3w7212p122l3xdnt73lj2fjc0000gn/T/36df7f0af7e3b4ec0607/d.sock
[NX Daemon Server] - 2025-02-20T11:02:33.495Z - [WATCHER]: Subscribed to changes within: /Users/iessarghini/projects/portfolio-pulse (native)
[NX Daemon Server] - 2025-02-20T11:02:33.496Z - Established a connection. Number of open connections: 1
[NX Daemon Server] - 2025-02-20T11:02:33.497Z - Established a connection. Number of open connections: 2
[NX Daemon Server] - 2025-02-20T11:02:33.498Z - Closed a connection. Number of open connections: 1
[NX Daemon Server] - 2025-02-20T11:02:33.499Z - [REQUEST]: Client Request for Project Graph Received
[NX Daemon Server] - 2025-02-20T11:02:33.554Z - [WATCHER]: Processing file changes in outputs
[NX Daemon Server] - 2025-02-20T11:02:33.633Z - Time taken for 'Load Nx Plugin: /Users/iessarghini/projects/portfolio-pulse/node_modules/nx/src/plugins/project-json/build-nodes/project-json' 130.79137500000002ms
[NX Daemon Server] - 2025-02-20T11:02:33.633Z - Time taken for 'Load Nx Plugin: /Users/iessarghini/projects/portfolio-pulse/node_modules/nx/src/plugins/package-json' 131.328792ms
[NX Daemon Server] - 2025-02-20T11:02:33.641Z - Time taken for 'loadDefaultNxPlugins' 139.827541ms
[NX Daemon Server] - 2025-02-20T11:02:33.674Z - Time taken for 'Load Nx Plugin: @nx/eslint/plugin' 173.64049999999997ms
[NX Daemon Server] - 2025-02-20T11:02:33.711Z - Time taken for 'Load Nx Plugin: @nx/playwright/plugin' 211.45966600000003ms
[NX Daemon Server] - 2025-02-20T11:02:33.713Z - [REQUEST]: Updated workspace context based on watched changes, recomputing project graph...
[NX Daemon Server] - 2025-02-20T11:02:33.713Z - [REQUEST]: 
[NX Daemon Server] - 2025-02-20T11:02:33.713Z - [REQUEST]: 
[NX Daemon Server] - 2025-02-20T11:02:33.722Z - Time taken for 'loadSpecifiedNxPlugins' 213.48154200000002ms
[NX Daemon Server] - 2025-02-20T11:02:33.722Z - Established a connection. Number of open connections: 2
[NX Daemon Server] - 2025-02-20T11:02:33.723Z - Established a connection. Number of open connections: 3
[NX Daemon Server] - 2025-02-20T11:02:33.723Z - Closed a connection. Number of open connections: 2
[NX Daemon Server] - 2025-02-20T11:02:33.723Z - Established a connection. Number of open connections: 3
[NX Daemon Server] - 2025-02-20T11:02:33.724Z - [REQUEST]: Responding to the client. handleHashGlob
[NX Daemon Server] - 2025-02-20T11:02:33.724Z - Done responding to the client handleHashGlob
[NX Daemon Server] - 2025-02-20T11:02:33.724Z - Handled HASH_GLOB. Handling time: 0. Response time: 0.
[NX Daemon Server] - 2025-02-20T11:02:33.725Z - Established a connection. Number of open connections: 4
[NX Daemon Server] - 2025-02-20T11:02:33.725Z - Closed a connection. Number of open connections: 3
[NX Daemon Server] - 2025-02-20T11:02:33.725Z - Established a connection. Number of open connections: 4
[NX Daemon Server] - 2025-02-20T11:02:33.725Z - Closed a connection. Number of open connections: 3
[NX Daemon Server] - 2025-02-20T11:02:33.725Z - Established a connection. Number of open connections: 4
[NX Daemon Server] - 2025-02-20T11:02:33.726Z - [REQUEST]: Responding to the client. handleHashGlob
[NX Daemon Server] - 2025-02-20T11:02:33.726Z - Done responding to the client handleHashGlob
[NX Daemon Server] - 2025-02-20T11:02:33.726Z - Handled HASH_GLOB. Handling time: 0. Response time: 0.
[NX Daemon Server] - 2025-02-20T11:02:33.727Z - [REQUEST]: Responding to the client. handleGlob
[NX Daemon Server] - 2025-02-20T11:02:33.727Z - Done responding to the client handleGlob
[NX Daemon Server] - 2025-02-20T11:02:33.727Z - Handled GLOB. Handling time: 1. Response time: 0.
[NX Daemon Server] - 2025-02-20T11:02:33.729Z - [REQUEST]: Responding to the client. handleHashGlob
[NX Daemon Server] - 2025-02-20T11:02:33.729Z - Done responding to the client handleHashGlob
[NX Daemon Server] - 2025-02-20T11:02:33.729Z - Handled HASH_GLOB. Handling time: 0. Response time: 0.
[NX Daemon Server] - 2025-02-20T11:02:33.872Z - [REQUEST]: Responding to the client. handleHashGlob
[NX Daemon Server] - 2025-02-20T11:02:33.872Z - Done responding to the client handleHashGlob
[NX Daemon Server] - 2025-02-20T11:02:33.872Z - Handled HASH_GLOB. Handling time: 0. Response time: 0.
[NX Daemon Server] - 2025-02-20T11:02:33.873Z - [REQUEST]: Responding to the client. handleHashGlob
[NX Daemon Server] - 2025-02-20T11:02:33.873Z - Done responding to the client handleHashGlob
[NX Daemon Server] - 2025-02-20T11:02:33.873Z - Handled HASH_GLOB. Handling time: 0. Response time: 0.
[NX Daemon Server] - 2025-02-20T11:02:33.875Z - [REQUEST]: Responding to the client. handleHashGlob
[NX Daemon Server] - 2025-02-20T11:02:33.875Z - Done responding to the client handleHashGlob
[NX Daemon Server] - 2025-02-20T11:02:33.875Z - Handled HASH_GLOB. Handling time: 1. Response time: 0.
[NX Daemon Server] - 2025-02-20T11:02:33.876Z - [REQUEST]: Responding to the client. handleHashGlob
[NX Daemon Server] - 2025-02-20T11:02:33.876Z - Done responding to the client handleHashGlob
[NX Daemon Server] - 2025-02-20T11:02:33.876Z - Handled HASH_GLOB. Handling time: 0. Response time: 0.
[NX Daemon Server] - 2025-02-20T11:02:33.878Z - [REQUEST]: Responding to the client. handleHashGlob
[NX Daemon Server] - 2025-02-20T11:02:33.878Z - Done responding to the client handleHashGlob
[NX Daemon Server] - 2025-02-20T11:02:33.878Z - Handled HASH_GLOB. Handling time: 1. Response time: 0.
[NX Daemon Server] - 2025-02-20T11:02:33.879Z - [REQUEST]: Responding to the client. handleHashGlob
[NX Daemon Server] - 2025-02-20T11:02:33.879Z - Done responding to the client handleHashGlob
[NX Daemon Server] - 2025-02-20T11:02:33.879Z - Handled HASH_GLOB. Handling time: 1. Response time: 0.
[NX Daemon Server] - 2025-02-20T11:02:33.883Z - [REQUEST]: Responding to the client. handleHashGlob
[NX Daemon Server] - 2025-02-20T11:02:33.883Z - Done responding to the client handleHashGlob
[NX Daemon Server] - 2025-02-20T11:02:33.883Z - Handled HASH_GLOB. Handling time: 1. Response time: 0.
[NX Daemon Server] - 2025-02-20T11:02:33.884Z - [REQUEST]: Responding to the client. handleHashGlob
[NX Daemon Server] - 2025-02-20T11:02:33.884Z - Done responding to the client handleHashGlob
[NX Daemon Server] - 2025-02-20T11:02:33.884Z - Handled HASH_GLOB. Handling time: 0. Response time: 0.
[NX Daemon Server] - 2025-02-20T11:02:34.286Z - [REQUEST]: Responding to the client. handleNxWorkspaceFiles
[NX Daemon Server] - 2025-02-20T11:02:34.286Z - Done responding to the client handleNxWorkspaceFiles
[NX Daemon Server] - 2025-02-20T11:02:34.286Z - Handled GET_FILES_IN_DIRECTORY. Handling time: 0. Response time: 0.
(node:67833) [DEP0180] DeprecationWarning: fs.Stats constructor is deprecated.
(Use `node --trace-deprecation ...` to show where the warning was created)
[NX Daemon Server] - 2025-02-20T11:02:34.296Z - [REQUEST]: Responding to the client. handleNxWorkspaceFiles
[NX Daemon Server] - 2025-02-20T11:02:34.296Z - Done responding to the client handleNxWorkspaceFiles
[NX Daemon Server] - 2025-02-20T11:02:34.296Z - Handled GET_FILES_IN_DIRECTORY. Handling time: 0. Response time: 0.
[NX Daemon Server] - 2025-02-20T11:02:34.603Z - [REQUEST]: Responding to the client. handleHashGlob
[NX Daemon Server] - 2025-02-20T11:02:34.603Z - Done responding to the client handleHashGlob
[NX Daemon Server] - 2025-02-20T11:02:34.603Z - Handled HASH_GLOB. Handling time: 0. Response time: 0.
[NX Daemon Server] - 2025-02-20T11:02:34.613Z - [REQUEST]: Responding to the client. handleHashGlob
[NX Daemon Server] - 2025-02-20T11:02:34.613Z - Done responding to the client handleHashGlob
[NX Daemon Server] - 2025-02-20T11:02:34.613Z - Handled HASH_GLOB. Handling time: 0. Response time: 0.
[NX Daemon Server] - 2025-02-20T11:02:34.623Z - [REQUEST]: Responding to the client. handleHashGlob
[NX Daemon Server] - 2025-02-20T11:02:34.623Z - Done responding to the client handleHashGlob
[NX Daemon Server] - 2025-02-20T11:02:34.623Z - Handled HASH_GLOB. Handling time: 0. Response time: 0.
[NX Daemon Server] - 2025-02-20T11:02:34.635Z - [REQUEST]: Responding to the client. handleHashGlob
[NX Daemon Server] - 2025-02-20T11:02:34.635Z - Done responding to the client handleHashGlob
[NX Daemon Server] - 2025-02-20T11:02:34.635Z - Handled HASH_GLOB. Handling time: 0. Response time: 0.
[NX Daemon Server] - 2025-02-20T11:02:34.645Z - [REQUEST]: Responding to the client. handleHashGlob
[NX Daemon Server] - 2025-02-20T11:02:34.645Z - Done responding to the client handleHashGlob
[NX Daemon Server] - 2025-02-20T11:02:34.645Z - Handled HASH_GLOB. Handling time: 0. Response time: 0.
[NX Daemon Server] - 2025-02-20T11:02:34.721Z - Time taken for 'build-project-configs' 992.611208ms
[NX Daemon Server] - 2025-02-20T11:02:34.795Z - [SYNC]: collect registered sync generators
[NX Daemon Server] - 2025-02-20T11:02:34.796Z - [REQUEST]: Responding to the client. project-graph
[NX Daemon Server] - 2025-02-20T11:02:34.796Z - Time taken for 'total for creating and serializing project graph' 1297.151583ms
[NX Daemon Server] - 2025-02-20T11:02:34.798Z - Done responding to the client project-graph
[NX Daemon Server] - 2025-02-20T11:02:34.799Z - Handled REQUEST_PROJECT_GRAPH. Handling time: 1297. Response time: 3.
[NX Daemon Server] - 2025-02-20T11:02:34.804Z - [REQUEST]: Responding to the client. handleRunPreTasksExecution
[NX Daemon Server] - 2025-02-20T11:02:34.804Z - Done responding to the client handleRunPreTasksExecution
[NX Daemon Server] - 2025-02-20T11:02:34.804Z - Handled PRE_TASKS_EXECUTION. Handling time: 0. Response time: 0.
[NX Daemon Server] - 2025-02-20T11:02:34.804Z - Time taken for 'preTasksExecution' 0.2395000000001346ms
[NX Daemon Server] - 2025-02-20T11:02:34.859Z - [REQUEST]: Responding to the client. handleHashTasks
[NX Daemon Server] - 2025-02-20T11:02:34.860Z - Done responding to the client handleHashTasks
[NX Daemon Server] - 2025-02-20T11:02:34.860Z - Handled HASH_TASKS. Handling time: 14. Response time: 1.
[NX Daemon Server] - 2025-02-20T11:02:34.978Z - [REQUEST]: Responding to the client. handleGetEstimatedTaskTimings
[NX Daemon Server] - 2025-02-20T11:02:34.978Z - Done responding to the client handleGetEstimatedTaskTimings
[NX Daemon Server] - 2025-02-20T11:02:34.978Z - Handled GET_ESTIMATED_TASK_TIMINGS. Handling time: 15. Response time: 0.
[NX Daemon Server] - 2025-02-20T11:02:35.003Z - [REQUEST]: Responding to the client. handleHashTasks
[NX Daemon Server] - 2025-02-20T11:02:35.003Z - Done responding to the client handleHashTasks
[NX Daemon Server] - 2025-02-20T11:02:35.003Z - Handled HASH_TASKS. Handling time: 5. Response time: 0.
[NX Daemon Server] - 2025-02-20T11:02:35.022Z - [REQUEST]: Responding to the client. handleHashTasks
[NX Daemon Server] - 2025-02-20T11:02:35.022Z - Done responding to the client handleHashTasks
[NX Daemon Server] - 2025-02-20T11:02:35.022Z - Handled HASH_TASKS. Handling time: 5. Response time: 0.
[NX Daemon Server] - 2025-02-20T11:02:35.039Z - [REQUEST]: Responding to the client. handleHashTasks
[NX Daemon Server] - 2025-02-20T11:02:35.039Z - Done responding to the client handleHashTasks
[NX Daemon Server] - 2025-02-20T11:02:35.039Z - Handled HASH_TASKS. Handling time: 5. Response time: 0.
[NX Daemon Server] - 2025-02-20T11:02:35.055Z - [REQUEST]: Responding to the client. handleHashTasks
[NX Daemon Server] - 2025-02-20T11:02:35.055Z - Done responding to the client handleHashTasks
[NX Daemon Server] - 2025-02-20T11:02:35.055Z - Handled HASH_TASKS. Handling time: 4. Response time: 0.
[NX Daemon Server] - 2025-02-20T11:02:35.063Z - [REQUEST]: Responding to the client. handleHashTasks
[NX Daemon Server] - 2025-02-20T11:02:35.064Z - Done responding to the client handleHashTasks
[NX Daemon Server] - 2025-02-20T11:02:35.064Z - Handled HASH_TASKS. Handling time: 4. Response time: 1.
[NX Daemon Server] - 2025-02-20T11:02:35.073Z - [REQUEST]: Responding to the client. handleHashTasks
[NX Daemon Server] - 2025-02-20T11:02:35.073Z - Done responding to the client handleHashTasks
[NX Daemon Server] - 2025-02-20T11:02:35.073Z - Handled HASH_TASKS. Handling time: 4. Response time: 0.
[NX Daemon Server] - 2025-02-20T11:02:35.081Z - [REQUEST]: Responding to the client. handleHashTasks
[NX Daemon Server] - 2025-02-20T11:02:35.082Z - Done responding to the client handleHashTasks
[NX Daemon Server] - 2025-02-20T11:02:35.082Z - Handled HASH_TASKS. Handling time: 4. Response time: 1.
[NX Daemon Server] - 2025-02-20T11:02:36.029Z - [REQUEST]: Responding to the client. recordOutputsHash
[NX Daemon Server] - 2025-02-20T11:02:36.029Z - Done responding to the client recordOutputsHash
[NX Daemon Server] - 2025-02-20T11:02:36.029Z - Handled RECORD_OUTPUTS_HASH. Handling time: 1. Response time: 0.
[NX Daemon Server] - 2025-02-20T11:02:36.048Z - [REQUEST]: Responding to the client. recordOutputsHash
[NX Daemon Server] - 2025-02-20T11:02:36.048Z - Done responding to the client recordOutputsHash
[NX Daemon Server] - 2025-02-20T11:02:36.048Z - Handled RECORD_OUTPUTS_HASH. Handling time: 0. Response time: 0.
[NX Daemon Server] - 2025-02-20T11:02:36.053Z - [REQUEST]: Responding to the client. recordOutputsHash
[NX Daemon Server] - 2025-02-20T11:02:36.053Z - Done responding to the client recordOutputsHash
[NX Daemon Server] - 2025-02-20T11:02:36.053Z - Handled RECORD_OUTPUTS_HASH. Handling time: 0. Response time: 0.
[NX Daemon Server] - 2025-02-20T11:02:37.001Z - [REQUEST]: Responding to the client. recordOutputsHash
[NX Daemon Server] - 2025-02-20T11:02:37.002Z - Done responding to the client recordOutputsHash
[NX Daemon Server] - 2025-02-20T11:02:37.002Z - Handled RECORD_OUTPUTS_HASH. Handling time: 0. Response time: 1.
[NX Daemon Server] - 2025-02-20T11:02:37.037Z - [REQUEST]: Responding to the client. recordOutputsHash
[NX Daemon Server] - 2025-02-20T11:02:37.038Z - Done responding to the client recordOutputsHash
[NX Daemon Server] - 2025-02-20T11:02:37.038Z - Handled RECORD_OUTPUTS_HASH. Handling time: 0. Response time: 1.
[NX Daemon Server] - 2025-02-20T11:02:37.291Z - [REQUEST]: Responding to the client. recordOutputsHash
[NX Daemon Server] - 2025-02-20T11:02:37.291Z - Done responding to the client recordOutputsHash
[NX Daemon Server] - 2025-02-20T11:02:37.291Z - Handled RECORD_OUTPUTS_HASH. Handling time: 0. Response time: 0.
[NX Daemon Server] - 2025-02-20T11:02:37.716Z - [REQUEST]: Responding to the client. recordOutputsHash
[NX Daemon Server] - 2025-02-20T11:02:37.716Z - Done responding to the client recordOutputsHash
[NX Daemon Server] - 2025-02-20T11:02:37.716Z - Handled RECORD_OUTPUTS_HASH. Handling time: 0. Response time: 0.
[NX Daemon Server] - 2025-02-20T11:02:37.827Z - [REQUEST]: Responding to the client. recordOutputsHash
[NX Daemon Server] - 2025-02-20T11:02:37.827Z - Done responding to the client recordOutputsHash
[NX Daemon Server] - 2025-02-20T11:02:37.827Z - Handled RECORD_OUTPUTS_HASH. Handling time: 0. Response time: 0.
[NX Daemon Server] - 2025-02-20T11:02:37.937Z - [REQUEST]: Responding to the client. recordOutputsHash
[NX Daemon Server] - 2025-02-20T11:02:37.937Z - Done responding to the client recordOutputsHash
[NX Daemon Server] - 2025-02-20T11:02:37.937Z - Handled RECORD_OUTPUTS_HASH. Handling time: 1. Response time: 0.
[NX Daemon Server] - 2025-02-20T11:02:38.371Z - [REQUEST]: Responding to the client. recordOutputsHash
[NX Daemon Server] - 2025-02-20T11:02:38.371Z - Done responding to the client recordOutputsHash
[NX Daemon Server] - 2025-02-20T11:02:38.371Z - Handled RECORD_OUTPUTS_HASH. Handling time: 0. Response time: 0.
[NX Daemon Server] - 2025-02-20T11:02:38.463Z - [REQUEST]: Responding to the client. recordOutputsHash
[NX Daemon Server] - 2025-02-20T11:02:38.463Z - Done responding to the client recordOutputsHash
[NX Daemon Server] - 2025-02-20T11:02:38.463Z - Handled RECORD_OUTPUTS_HASH. Handling time: 0. Response time: 0.
[NX Daemon Server] - 2025-02-20T11:02:38.739Z - [REQUEST]: Responding to the client. recordOutputsHash
[NX Daemon Server] - 2025-02-20T11:02:38.739Z - Done responding to the client recordOutputsHash
[NX Daemon Server] - 2025-02-20T11:02:38.739Z - Handled RECORD_OUTPUTS_HASH. Handling time: 0. Response time: 0.
[NX Daemon Server] - 2025-02-20T11:02:38.838Z - [REQUEST]: Responding to the client. PROCESS_IN_BACKGROUND
[NX Daemon Server] - 2025-02-20T11:02:38.838Z - Done responding to the client PROCESS_IN_BACKGROUND
[NX Daemon Server] - 2025-02-20T11:02:38.838Z - Handled PROCESS_IN_BACKGROUND. Handling time: 65. Response time: 0.
[NX Daemon Server] - 2025-02-20T11:02:38.841Z - Uploading file artifacts
[NX Daemon Server] - 2025-02-20T11:02:38.908Z - [REQUEST]: Responding to the client. handleRunPostTasksExecution
[NX Daemon Server] - 2025-02-20T11:02:38.908Z - Done responding to the client handleRunPostTasksExecution
[NX Daemon Server] - 2025-02-20T11:02:38.908Z - Handled POST_TASKS_EXECUTION. Handling time: 1. Response time: 0.
[NX Daemon Server] - 2025-02-20T11:02:38.908Z - Time taken for 'postTasksExecution' 0.1377089999996315ms
[NX Daemon Server] - 2025-02-20T11:02:38.912Z - Closed a connection. Number of open connections: 3
[NX Daemon Server] - 2025-02-20T11:02:39.588Z - Done uploading file artifacts
[NX Daemon Server] - 2025-02-20T11:02:39.590Z - Sending EndRun request
[NX Daemon Server] - 2025-02-20T11:02:39.719Z - Done sending EndRun request
[NX Daemon Server] - 2025-02-20T11:04:44.718Z - Established a connection. Number of open connections: 4
[NX Daemon Server] - 2025-02-20T11:04:44.719Z - Established a connection. Number of open connections: 5
[NX Daemon Server] - 2025-02-20T11:04:44.719Z - Closed a connection. Number of open connections: 4
[NX Daemon Server] - 2025-02-20T11:04:44.719Z - Established a connection. Number of open connections: 5
[NX Daemon Server] - 2025-02-20T11:04:44.719Z - Closed a connection. Number of open connections: 4
[NX Daemon Server] - 2025-02-20T11:04:44.721Z - [REQUEST]: Client Request for Project Graph Received
[NX Daemon Server] - 2025-02-20T11:04:44.721Z - [REQUEST]: Responding to the client. project-graph
[NX Daemon Server] - 2025-02-20T11:04:44.722Z - Time taken for 'total for creating and serializing project graph' 0.44795900001190603ms
[NX Daemon Server] - 2025-02-20T11:04:44.726Z - Done responding to the client project-graph
[NX Daemon Server] - 2025-02-20T11:04:44.726Z - Handled REQUEST_PROJECT_GRAPH. Handling time: 0. Response time: 5.
[NX Daemon Server] - 2025-02-20T11:04:44.731Z - [REQUEST]: Responding to the client. handleContextFileData
[NX Daemon Server] - 2025-02-20T11:04:44.731Z - Done responding to the client handleContextFileData
[NX Daemon Server] - 2025-02-20T11:04:44.731Z - Handled GET_CONTEXT_FILE_DATA. Handling time: 0. Response time: 0.
[NX Daemon Server] - 2025-02-20T11:04:44.732Z - Closed a connection. Number of open connections: 3
[NX Daemon Server] - 2025-02-20T11:04:44.874Z - Established a connection. Number of open connections: 4
[NX Daemon Server] - 2025-02-20T11:04:44.874Z - Established a connection. Number of open connections: 5
[NX Daemon Server] - 2025-02-20T11:04:44.875Z - Closed a connection. Number of open connections: 4
[NX Daemon Server] - 2025-02-20T11:04:44.875Z - [REQUEST]: Client Request for Project Graph Received
[NX Daemon Server] - 2025-02-20T11:04:44.875Z - [REQUEST]: Responding to the client. project-graph
[NX Daemon Server] - 2025-02-20T11:04:44.876Z - Time taken for 'total for creating and serializing project graph' 0.19354200002271682ms
[NX Daemon Server] - 2025-02-20T11:04:44.877Z - Done responding to the client project-graph
[NX Daemon Server] - 2025-02-20T11:04:44.877Z - Handled REQUEST_PROJECT_GRAPH. Handling time: 0. Response time: 2.
[NX Daemon Server] - 2025-02-20T11:04:44.881Z - [REQUEST]: Client Request for Project Graph Received
[NX Daemon Server] - 2025-02-20T11:04:44.881Z - [REQUEST]: Responding to the client. project-graph
[NX Daemon Server] - 2025-02-20T11:04:44.881Z - Time taken for 'total for creating and serializing project graph' 0.15458299999590963ms
[NX Daemon Server] - 2025-02-20T11:04:44.882Z - Done responding to the client project-graph
[NX Daemon Server] - 2025-02-20T11:04:44.882Z - Handled REQUEST_PROJECT_GRAPH. Handling time: 0. Response time: 1.
[NX Daemon Server] - 2025-02-20T11:04:44.886Z - Established a connection. Number of open connections: 5
[NX Daemon Server] - 2025-02-20T11:05:34.297Z - Established a connection. Number of open connections: 6
[NX Daemon Server] - 2025-02-20T11:05:34.298Z - Closed a connection. Number of open connections: 5
[NX Daemon Server] - 2025-02-20T11:05:34.299Z - [REQUEST]: Client Request for Project Graph Received
[NX Daemon Server] - 2025-02-20T11:05:34.299Z - [REQUEST]: Responding to the client. project-graph
[NX Daemon Server] - 2025-02-20T11:05:34.299Z - Time taken for 'total for creating and serializing project graph' 0.23470800000359304ms
[NX Daemon Server] - 2025-02-20T11:05:34.303Z - Done responding to the client project-graph
[NX Daemon Server] - 2025-02-20T11:05:34.303Z - Handled REQUEST_PROJECT_GRAPH. Handling time: 0. Response time: 4.
[NX Daemon Server] - 2025-02-20T11:05:34.308Z - [REQUEST]: Responding to the client. handleContextFileData
[NX Daemon Server] - 2025-02-20T11:05:34.308Z - Done responding to the client handleContextFileData
[NX Daemon Server] - 2025-02-20T11:05:34.308Z - Handled GET_CONTEXT_FILE_DATA. Handling time: 1. Response time: 0.
[NX Daemon Server] - 2025-02-20T11:05:34.309Z - Closed a connection. Number of open connections: 4
[NX Daemon Server] - 2025-02-20T11:05:34.395Z - Closed a connection. Number of open connections: 3
[NX Daemon Server] - 2025-02-20T11:05:34.397Z - Established a connection. Number of open connections: 4
[NX Daemon Server] - 2025-02-20T11:05:34.397Z - Established a connection. Number of open connections: 5
[NX Daemon Server] - 2025-02-20T11:05:34.397Z - Closed a connection. Number of open connections: 4
[NX Daemon Server] - 2025-02-20T11:05:34.398Z - [REQUEST]: Client Request for Project Graph Received
[NX Daemon Server] - 2025-02-20T11:05:34.398Z - [REQUEST]: Responding to the client. project-graph
[NX Daemon Server] - 2025-02-20T11:05:34.398Z - Time taken for 'total for creating and serializing project graph' 0.1415839999972377ms
[NX Daemon Server] - 2025-02-20T11:05:34.402Z - Done responding to the client project-graph
[NX Daemon Server] - 2025-02-20T11:05:34.402Z - Handled REQUEST_PROJECT_GRAPH. Handling time: 0. Response time: 4.
[NX Daemon Server] - 2025-02-20T11:05:34.405Z - [REQUEST]: Client Request for Project Graph Received
[NX Daemon Server] - 2025-02-20T11:05:34.405Z - [REQUEST]: Responding to the client. project-graph
[NX Daemon Server] - 2025-02-20T11:05:34.406Z - Time taken for 'total for creating and serializing project graph' 0.19308399999863468ms
[NX Daemon Server] - 2025-02-20T11:05:34.408Z - Done responding to the client project-graph
[NX Daemon Server] - 2025-02-20T11:05:34.408Z - Handled REQUEST_PROJECT_GRAPH. Handling time: 0. Response time: 3.
[NX Daemon Server] - 2025-02-20T11:05:34.411Z - Established a connection. Number of open connections: 5
[NX Daemon Server] - 2025-02-20T11:05:43.424Z - Established a connection. Number of open connections: 6
[NX Daemon Server] - 2025-02-20T11:05:43.424Z - Closed a connection. Number of open connections: 5
[NX Daemon Server] - 2025-02-20T11:05:43.424Z - Established a connection. Number of open connections: 6
[NX Daemon Server] - 2025-02-20T11:05:43.425Z - [REQUEST]: Responding to the client. Shutdown initiated
[NX Daemon Server] - 2025-02-20T11:05:43.425Z - Done responding to the client Shutdown initiated
[NX Daemon Server] - 2025-02-20T11:05:43.425Z - Handled FORCE_SHUTDOWN. Handling time: 0. Response time: 0.
[NX Daemon Server] - 2025-02-20T11:05:43.427Z - Closed a connection. Number of open connections: 5
[NX Daemon Server] - 2025-02-20T11:05:43.427Z - Closed a connection. Number of open connections: 4
[NX Daemon Server] - 2025-02-20T11:05:43.427Z - Closed a connection. Number of open connections: 3
[NX Daemon Server] - 2025-02-20T11:05:43.427Z - Closed a connection. Number of open connections: 2
[NX Daemon Server] - 2025-02-20T11:05:43.427Z - Closed a connection. Number of open connections: 1
[NX Daemon Server] - 2025-02-20T11:05:43.427Z - Closed a connection. Number of open connections: 0
[NX Daemon Server] - 2025-02-20T11:05:43.427Z - [WATCHER]: Stopping the watcher for /Users/iessarghini/projects/portfolio-pulse (sources)
[NX Daemon Server] - 2025-02-20T11:05:43.427Z - [WATCHER]: Stopping the watcher for /Users/iessarghini/projects/portfolio-pulse (outputs)
[NX Daemon Server] - 2025-02-20T11:05:43.429Z - Server stopped because: "Request to shutdown"
[NX Daemon Server] - 2025-02-20T11:05:43.991Z - Started listening on: /var/folders/0w/3w7212p122l3xdnt73lj2fjc0000gn/T/36df7f0af7e3b4ec0607/d.sock
[NX Daemon Server] - 2025-02-20T11:05:43.993Z - [WATCHER]: Subscribed to changes within: /Users/iessarghini/projects/portfolio-pulse (native)
[NX Daemon Server] - 2025-02-20T11:05:43.997Z - Established a connection. Number of open connections: 1
[NX Daemon Server] - 2025-02-20T11:05:43.998Z - Closed a connection. Number of open connections: 0
[NX Daemon Server] - 2025-02-20T11:05:44.004Z - Established a connection. Number of open connections: 1
[NX Daemon Server] - 2025-02-20T11:05:44.005Z - Closed a connection. Number of open connections: 0
[NX Daemon Server] - 2025-02-20T11:05:44.005Z - Established a connection. Number of open connections: 1
[NX Daemon Server] - 2025-02-20T11:05:44.005Z - [REQUEST]: Client Request for Project Graph Received
[NX Daemon Server] - 2025-02-20T11:05:44.054Z - [WATCHER]: Processing file changes in outputs
[NX Daemon Server] - 2025-02-20T11:05:44.116Z - Time taken for 'Load Nx Plugin: /Users/iessarghini/projects/portfolio-pulse/node_modules/nx/src/plugins/project-json/build-nodes/project-json' 108.72575000000002ms
[NX Daemon Server] - 2025-02-20T11:05:44.124Z - Time taken for 'Load Nx Plugin: /Users/iessarghini/projects/portfolio-pulse/node_modules/nx/src/plugins/package-json' 117.489667ms
[NX Daemon Server] - 2025-02-20T11:05:44.134Z - Time taken for 'loadDefaultNxPlugins' 127.37374999999999ms
[NX Daemon Server] - 2025-02-20T11:05:44.152Z - Time taken for 'Load Nx Plugin: @nx/eslint/plugin' 145.81070799999998ms
[NX Daemon Server] - 2025-02-20T11:05:44.169Z - Time taken for 'Load Nx Plugin: @nx/playwright/plugin' 163.01237500000002ms
[NX Daemon Server] - 2025-02-20T11:05:44.171Z - [REQUEST]: Updated workspace context based on watched changes, recomputing project graph...
[NX Daemon Server] - 2025-02-20T11:05:44.171Z - [REQUEST]: 
[NX Daemon Server] - 2025-02-20T11:05:44.171Z - [REQUEST]: 
[NX Daemon Server] - 2025-02-20T11:05:44.178Z - Time taken for 'loadSpecifiedNxPlugins' 164.51829200000003ms
[NX Daemon Server] - 2025-02-20T11:05:44.179Z - Established a connection. Number of open connections: 2
[NX Daemon Server] - 2025-02-20T11:05:44.179Z - Established a connection. Number of open connections: 3
[NX Daemon Server] - 2025-02-20T11:05:44.179Z - Closed a connection. Number of open connections: 2
[NX Daemon Server] - 2025-02-20T11:05:44.180Z - [REQUEST]: Responding to the client. handleHashGlob
[NX Daemon Server] - 2025-02-20T11:05:44.180Z - Done responding to the client handleHashGlob
[NX Daemon Server] - 2025-02-20T11:05:44.180Z - Handled HASH_GLOB. Handling time: 0. Response time: 0.
[NX Daemon Server] - 2025-02-20T11:05:44.180Z - Established a connection. Number of open connections: 3
[NX Daemon Server] - 2025-02-20T11:05:44.181Z - Established a connection. Number of open connections: 4
[NX Daemon Server] - 2025-02-20T11:05:44.181Z - Closed a connection. Number of open connections: 3
[NX Daemon Server] - 2025-02-20T11:05:44.181Z - Established a connection. Number of open connections: 4
[NX Daemon Server] - 2025-02-20T11:05:44.182Z - [REQUEST]: Responding to the client. handleHashGlob
[NX Daemon Server] - 2025-02-20T11:05:44.182Z - Done responding to the client handleHashGlob
[NX Daemon Server] - 2025-02-20T11:05:44.182Z - Handled HASH_GLOB. Handling time: 1. Response time: 0.
[NX Daemon Server] - 2025-02-20T11:05:44.182Z - Closed a connection. Number of open connections: 3
[NX Daemon Server] - 2025-02-20T11:05:44.182Z - Established a connection. Number of open connections: 4
[NX Daemon Server] - 2025-02-20T11:05:44.183Z - [REQUEST]: Responding to the client. handleGlob
[NX Daemon Server] - 2025-02-20T11:05:44.183Z - Done responding to the client handleGlob
[NX Daemon Server] - 2025-02-20T11:05:44.183Z - Handled GLOB. Handling time: 0. Response time: 0.
[NX Daemon Server] - 2025-02-20T11:05:44.185Z - [REQUEST]: Responding to the client. handleHashGlob
[NX Daemon Server] - 2025-02-20T11:05:44.185Z - Done responding to the client handleHashGlob
[NX Daemon Server] - 2025-02-20T11:05:44.185Z - Handled HASH_GLOB. Handling time: 0. Response time: 0.
[NX Daemon Server] - 2025-02-20T11:05:44.250Z - [REQUEST]: Responding to the client. handleHashGlob
[NX Daemon Server] - 2025-02-20T11:05:44.250Z - Done responding to the client handleHashGlob
[NX Daemon Server] - 2025-02-20T11:05:44.250Z - Handled HASH_GLOB. Handling time: 0. Response time: 0.
[NX Daemon Server] - 2025-02-20T11:05:44.251Z - [REQUEST]: Responding to the client. handleHashGlob
[NX Daemon Server] - 2025-02-20T11:05:44.251Z - Done responding to the client handleHashGlob
[NX Daemon Server] - 2025-02-20T11:05:44.251Z - Handled HASH_GLOB. Handling time: 0. Response time: 0.
[NX Daemon Server] - 2025-02-20T11:05:44.252Z - [REQUEST]: Responding to the client. handleHashGlob
[NX Daemon Server] - 2025-02-20T11:05:44.252Z - Done responding to the client handleHashGlob
[NX Daemon Server] - 2025-02-20T11:05:44.252Z - Handled HASH_GLOB. Handling time: 0. Response time: 0.
[NX Daemon Server] - 2025-02-20T11:05:44.253Z - [REQUEST]: Responding to the client. handleHashGlob
[NX Daemon Server] - 2025-02-20T11:05:44.253Z - Done responding to the client handleHashGlob
[NX Daemon Server] - 2025-02-20T11:05:44.253Z - Handled HASH_GLOB. Handling time: 1. Response time: 0.
[NX Daemon Server] - 2025-02-20T11:05:44.253Z - [REQUEST]: Responding to the client. handleHashGlob
[NX Daemon Server] - 2025-02-20T11:05:44.253Z - Done responding to the client handleHashGlob
[NX Daemon Server] - 2025-02-20T11:05:44.253Z - Handled HASH_GLOB. Handling time: 0. Response time: 0.
[NX Daemon Server] - 2025-02-20T11:05:44.254Z - [REQUEST]: Responding to the client. handleHashGlob
[NX Daemon Server] - 2025-02-20T11:05:44.254Z - Done responding to the client handleHashGlob
[NX Daemon Server] - 2025-02-20T11:05:44.254Z - Handled HASH_GLOB. Handling time: 0. Response time: 0.
[NX Daemon Server] - 2025-02-20T11:05:44.255Z - [REQUEST]: Responding to the client. handleHashGlob
[NX Daemon Server] - 2025-02-20T11:05:44.255Z - Done responding to the client handleHashGlob
[NX Daemon Server] - 2025-02-20T11:05:44.255Z - Handled HASH_GLOB. Handling time: 1. Response time: 0.
[NX Daemon Server] - 2025-02-20T11:05:44.255Z - [REQUEST]: Responding to the client. handleHashGlob
[NX Daemon Server] - 2025-02-20T11:05:44.255Z - Done responding to the client handleHashGlob
[NX Daemon Server] - 2025-02-20T11:05:44.255Z - Handled HASH_GLOB. Handling time: 0. Response time: 0.
[NX Daemon Server] - 2025-02-20T11:05:44.256Z - [REQUEST]: Responding to the client. handleHashGlob
[NX Daemon Server] - 2025-02-20T11:05:44.256Z - Done responding to the client handleHashGlob
[NX Daemon Server] - 2025-02-20T11:05:44.256Z - Handled HASH_GLOB. Handling time: 0. Response time: 0.
[NX Daemon Server] - 2025-02-20T11:05:44.257Z - [REQUEST]: Responding to the client. handleHashGlob
[NX Daemon Server] - 2025-02-20T11:05:44.257Z - Done responding to the client handleHashGlob
[NX Daemon Server] - 2025-02-20T11:05:44.257Z - Handled HASH_GLOB. Handling time: 1. Response time: 0.
[NX Daemon Server] - 2025-02-20T11:05:44.257Z - [REQUEST]: Responding to the client. handleHashGlob
[NX Daemon Server] - 2025-02-20T11:05:44.257Z - Done responding to the client handleHashGlob
[NX Daemon Server] - 2025-02-20T11:05:44.257Z - Handled HASH_GLOB. Handling time: 0. Response time: 0.
[NX Daemon Server] - 2025-02-20T11:05:44.258Z - [REQUEST]: Responding to the client. handleHashGlob
[NX Daemon Server] - 2025-02-20T11:05:44.258Z - Done responding to the client handleHashGlob
[NX Daemon Server] - 2025-02-20T11:05:44.258Z - Handled HASH_GLOB. Handling time: 1. Response time: 0.
[NX Daemon Server] - 2025-02-20T11:05:44.258Z - [REQUEST]: Responding to the client. handleHashGlob
[NX Daemon Server] - 2025-02-20T11:05:44.258Z - Done responding to the client handleHashGlob
[NX Daemon Server] - 2025-02-20T11:05:44.258Z - Handled HASH_GLOB. Handling time: 0. Response time: 0.
[NX Daemon Server] - 2025-02-20T11:05:44.274Z - Time taken for 'build-project-configs' 89.80204199999997ms
[NX Daemon Server] - 2025-02-20T11:05:44.296Z - [SYNC]: collect registered sync generators
[NX Daemon Server] - 2025-02-20T11:05:44.296Z - [REQUEST]: Responding to the client. project-graph
[NX Daemon Server] - 2025-02-20T11:05:44.297Z - Time taken for 'total for creating and serializing project graph' 290.853875ms
[NX Daemon Server] - 2025-02-20T11:05:44.298Z - Done responding to the client project-graph
[NX Daemon Server] - 2025-02-20T11:05:44.299Z - Handled REQUEST_PROJECT_GRAPH. Handling time: 291. Response time: 3.
[NX Daemon Server] - 2025-02-20T11:05:44.302Z - [REQUEST]: Responding to the client. handleContextFileData
[NX Daemon Server] - 2025-02-20T11:05:44.302Z - Done responding to the client handleContextFileData
[NX Daemon Server] - 2025-02-20T11:05:44.302Z - Handled GET_CONTEXT_FILE_DATA. Handling time: 0. Response time: 0.
[NX Daemon Server] - 2025-02-20T11:05:44.303Z - Closed a connection. Number of open connections: 3
[NX Daemon Server] - 2025-02-20T11:05:44.390Z - Established a connection. Number of open connections: 4
[NX Daemon Server] - 2025-02-20T11:05:44.390Z - Established a connection. Number of open connections: 5
[NX Daemon Server] - 2025-02-20T11:05:44.390Z - Closed a connection. Number of open connections: 4
[NX Daemon Server] - 2025-02-20T11:05:44.390Z - [REQUEST]: Client Request for Project Graph Received
[NX Daemon Server] - 2025-02-20T11:05:44.391Z - [REQUEST]: Responding to the client. project-graph
[NX Daemon Server] - 2025-02-20T11:05:44.391Z - Time taken for 'total for creating and serializing project graph' 0.11683399999998301ms
[NX Daemon Server] - 2025-02-20T11:05:44.392Z - Done responding to the client project-graph
[NX Daemon Server] - 2025-02-20T11:05:44.392Z - Handled REQUEST_PROJECT_GRAPH. Handling time: 1. Response time: 1.
[NX Daemon Server] - 2025-02-20T11:05:44.395Z - [REQUEST]: Client Request for Project Graph Received
[NX Daemon Server] - 2025-02-20T11:05:44.395Z - [REQUEST]: Responding to the client. project-graph
[NX Daemon Server] - 2025-02-20T11:05:44.395Z - Time taken for 'total for creating and serializing project graph' 0.12745799999999008ms
[NX Daemon Server] - 2025-02-20T11:05:44.396Z - Done responding to the client project-graph
[NX Daemon Server] - 2025-02-20T11:05:44.396Z - Handled REQUEST_PROJECT_GRAPH. Handling time: 0. Response time: 1.
[NX Daemon Server] - 2025-02-20T11:05:44.399Z - Established a connection. Number of open connections: 5
[NX Daemon Server] - 2025-02-20T11:05:44.420Z - Established a connection. Number of open connections: 6
[NX Daemon Server] - 2025-02-20T11:05:44.421Z - [REQUEST]: Client Request for Project Graph Received
[NX Daemon Server] - 2025-02-20T11:05:44.421Z - [REQUEST]: Responding to the client. project-graph
[NX Daemon Server] - 2025-02-20T11:05:44.421Z - Time taken for 'total for creating and serializing project graph' 0.14287500000000364ms
[NX Daemon Server] - 2025-02-20T11:05:44.421Z - Closed a connection. Number of open connections: 5
[NX Daemon Server] - 2025-02-20T11:05:44.426Z - Done responding to the client project-graph
[NX Daemon Server] - 2025-02-20T11:05:44.426Z - Handled REQUEST_PROJECT_GRAPH. Handling time: 0. Response time: 5.
[NX Daemon Server] - 2025-02-20T11:05:44.429Z - [REQUEST]: Responding to the client. handleContextFileData
[NX Daemon Server] - 2025-02-20T11:05:44.429Z - Done responding to the client handleContextFileData
[NX Daemon Server] - 2025-02-20T11:05:44.429Z - Handled GET_CONTEXT_FILE_DATA. Handling time: 0. Response time: 0.
[NX Daemon Server] - 2025-02-20T11:05:44.429Z - Closed a connection. Number of open connections: 4
[NX Daemon Server] - 2025-02-20T11:05:44.462Z - Closed a connection. Number of open connections: 3
[NX Daemon Server] - 2025-02-20T11:05:44.463Z - Established a connection. Number of open connections: 4
[NX Daemon Server] - 2025-02-20T11:05:44.463Z - Established a connection. Number of open connections: 5
[NX Daemon Server] - 2025-02-20T11:05:44.463Z - Closed a connection. Number of open connections: 4
[NX Daemon Server] - 2025-02-20T11:05:44.463Z - [REQUEST]: Client Request for Project Graph Received
[NX Daemon Server] - 2025-02-20T11:05:44.463Z - [REQUEST]: Responding to the client. project-graph
[NX Daemon Server] - 2025-02-20T11:05:44.464Z - Time taken for 'total for creating and serializing project graph' 0.1210839999999962ms
[NX Daemon Server] - 2025-02-20T11:05:44.465Z - Done responding to the client project-graph
[NX Daemon Server] - 2025-02-20T11:05:44.465Z - Handled REQUEST_PROJECT_GRAPH. Handling time: 0. Response time: 2.
[NX Daemon Server] - 2025-02-20T11:05:44.468Z - [REQUEST]: Client Request for Project Graph Received
[NX Daemon Server] - 2025-02-20T11:05:44.468Z - [REQUEST]: Responding to the client. project-graph
[NX Daemon Server] - 2025-02-20T11:05:44.468Z - Time taken for 'total for creating and serializing project graph' 0.11770899999999074ms
[NX Daemon Server] - 2025-02-20T11:05:44.469Z - Done responding to the client project-graph
[NX Daemon Server] - 2025-02-20T11:05:44.469Z - Handled REQUEST_PROJECT_GRAPH. Handling time: 0. Response time: 1.
[NX Daemon Server] - 2025-02-20T11:05:44.471Z - Established a connection. Number of open connections: 5
[NX Daemon Server] - 2025-02-20T11:05:44.769Z - Established a connection. Number of open connections: 6
[NX Daemon Server] - 2025-02-20T11:05:44.770Z - Closed a connection. Number of open connections: 5
[NX Daemon Server] - 2025-02-20T11:05:44.770Z - Established a connection. Number of open connections: 6
[NX Daemon Server] - 2025-02-20T11:05:44.771Z - [REQUEST]: Client Request for Project Graph Received
[NX Daemon Server] - 2025-02-20T11:05:44.772Z - [REQUEST]: Responding to the client. project-graph
[NX Daemon Server] - 2025-02-20T11:05:44.772Z - Time taken for 'total for creating and serializing project graph' 0.15208400000005895ms
[NX Daemon Server] - 2025-02-20T11:05:44.774Z - Done responding to the client project-graph
[NX Daemon Server] - 2025-02-20T11:05:44.774Z - Handled REQUEST_PROJECT_GRAPH. Handling time: 1. Response time: 2.
[NX Daemon Server] - 2025-02-20T11:05:44.786Z - [REQUEST]: Client Request for Project Graph Received
[NX Daemon Server] - 2025-02-20T11:05:44.787Z - [REQUEST]: Responding to the client. project-graph
[NX Daemon Server] - 2025-02-20T11:05:44.787Z - Time taken for 'total for creating and serializing project graph' 0.1882500000000391ms
[NX Daemon Server] - 2025-02-20T11:05:44.788Z - Done responding to the client project-graph
[NX Daemon Server] - 2025-02-20T11:05:44.788Z - Handled REQUEST_PROJECT_GRAPH. Handling time: 1. Response time: 1.
[NX Daemon Server] - 2025-02-20T11:05:44.791Z - Established a connection. Number of open connections: 7
[NX Daemon Server] - 2025-02-20T11:05:44.792Z - [REQUEST]: Client Request for Project Graph Received
[NX Daemon Server] - 2025-02-20T11:05:44.792Z - [REQUEST]: Responding to the client. project-graph
[NX Daemon Server] - 2025-02-20T11:05:44.793Z - Time taken for 'total for creating and serializing project graph' 0.12533300000006875ms
[NX Daemon Server] - 2025-02-20T11:05:44.794Z - Done responding to the client project-graph
[NX Daemon Server] - 2025-02-20T11:05:44.794Z - Handled REQUEST_PROJECT_GRAPH. Handling time: 0. Response time: 2.
[NX Daemon Server] - 2025-02-20T11:06:15.617Z - Established a connection. Number of open connections: 8
[NX Daemon Server] - 2025-02-20T11:06:15.617Z - Closed a connection. Number of open connections: 7
[NX Daemon Server] - 2025-02-20T11:06:15.618Z - Established a connection. Number of open connections: 8
[NX Daemon Server] - 2025-02-20T11:06:15.619Z - [REQUEST]: Client Request for Project Graph Received
[NX Daemon Server] - 2025-02-20T11:06:15.619Z - [REQUEST]: Responding to the client. project-graph
[NX Daemon Server] - 2025-02-20T11:06:15.619Z - Time taken for 'total for creating and serializing project graph' 0.2786659999983385ms
[NX Daemon Server] - 2025-02-20T11:06:15.622Z - Done responding to the client project-graph
[NX Daemon Server] - 2025-02-20T11:06:15.622Z - Handled REQUEST_PROJECT_GRAPH. Handling time: 0. Response time: 3.
[NX Daemon Server] - 2025-02-20T11:06:15.627Z - [REQUEST]: Responding to the client. handleRunPreTasksExecution
[NX Daemon Server] - 2025-02-20T11:06:15.627Z - Done responding to the client handleRunPreTasksExecution
[NX Daemon Server] - 2025-02-20T11:06:15.627Z - Handled PRE_TASKS_EXECUTION. Handling time: 0. Response time: 0.
[NX Daemon Server] - 2025-02-20T11:06:15.627Z - Time taken for 'preTasksExecution' 0.2315420000013546ms
[NX Daemon Server] - 2025-02-20T11:06:15.666Z - [REQUEST]: Responding to the client. handleHashTasks
[NX Daemon Server] - 2025-02-20T11:06:15.666Z - Done responding to the client handleHashTasks
[NX Daemon Server] - 2025-02-20T11:06:15.666Z - Handled HASH_TASKS. Handling time: 12. Response time: 0.
[NX Daemon Server] - 2025-02-20T11:06:15.786Z - [REQUEST]: Responding to the client. handleGetEstimatedTaskTimings
[NX Daemon Server] - 2025-02-20T11:06:15.786Z - Done responding to the client handleGetEstimatedTaskTimings
[NX Daemon Server] - 2025-02-20T11:06:15.786Z - Handled GET_ESTIMATED_TASK_TIMINGS. Handling time: 17. Response time: 0.
[NX Daemon Server] - 2025-02-20T11:06:17.009Z - [WATCHER]: Processing file changes in outputs
[NX Daemon Server] - 2025-02-20T11:06:18.560Z - [REQUEST]: Responding to the client. recordOutputsHash
[NX Daemon Server] - 2025-02-20T11:06:18.562Z - Done responding to the client recordOutputsHash
[NX Daemon Server] - 2025-02-20T11:06:18.562Z - Handled RECORD_OUTPUTS_HASH. Handling time: 3. Response time: 2.
[NX Daemon Server] - 2025-02-20T11:06:18.598Z - [WATCHER]: Processing file changes in outputs
[NX Daemon Server] - 2025-02-20T11:06:18.726Z - Established a connection. Number of open connections: 9
[NX Daemon Server] - 2025-02-20T11:06:18.727Z - Closed a connection. Number of open connections: 8
[NX Daemon Server] - 2025-02-20T11:06:18.727Z - Established a connection. Number of open connections: 9
[NX Daemon Server] - 2025-02-20T11:06:18.728Z - [REQUEST]: Client Request for Project Graph Received
[NX Daemon Server] - 2025-02-20T11:06:18.728Z - [REQUEST]: Responding to the client. project-graph
[NX Daemon Server] - 2025-02-20T11:06:18.729Z - Time taken for 'total for creating and serializing project graph' 0.14970800000446616ms
[NX Daemon Server] - 2025-02-20T11:06:18.731Z - Done responding to the client project-graph
[NX Daemon Server] - 2025-02-20T11:06:18.731Z - Handled REQUEST_PROJECT_GRAPH. Handling time: 0. Response time: 3.
[NX Daemon Server] - 2025-02-20T11:06:18.735Z - Established a connection. Number of open connections: 10
[NX Daemon Server] - 2025-02-20T11:06:18.863Z - Established a connection. Number of open connections: 11
[NX Daemon Server] - 2025-02-20T11:06:18.864Z - Closed a connection. Number of open connections: 10
[NX Daemon Server] - 2025-02-20T11:06:18.864Z - Established a connection. Number of open connections: 11
[NX Daemon Server] - 2025-02-20T11:06:18.865Z - [REQUEST]: Client Request for Project Graph Received
[NX Daemon Server] - 2025-02-20T11:06:18.865Z - [REQUEST]: Responding to the client. project-graph
[NX Daemon Server] - 2025-02-20T11:06:18.866Z - Time taken for 'total for creating and serializing project graph' 0.15270800000143936ms
[NX Daemon Server] - 2025-02-20T11:06:18.868Z - Done responding to the client project-graph
[NX Daemon Server] - 2025-02-20T11:06:18.868Z - Handled REQUEST_PROJECT_GRAPH. Handling time: 0. Response time: 3.
[NX Daemon Server] - 2025-02-20T11:06:18.873Z - [REQUEST]: Responding to the client. handleRunPreTasksExecution
[NX Daemon Server] - 2025-02-20T11:06:18.873Z - Done responding to the client handleRunPreTasksExecution
[NX Daemon Server] - 2025-02-20T11:06:18.873Z - Handled PRE_TASKS_EXECUTION. Handling time: 0. Response time: 0.
[NX Daemon Server] - 2025-02-20T11:06:18.873Z - Time taken for 'preTasksExecution' 0.09500000000116415ms
[NX Daemon Server] - 2025-02-20T11:06:18.906Z - [REQUEST]: Responding to the client. handleHashTasks
[NX Daemon Server] - 2025-02-20T11:06:18.906Z - Done responding to the client handleHashTasks
[NX Daemon Server] - 2025-02-20T11:06:18.906Z - Handled HASH_TASKS. Handling time: 5. Response time: 0.
[NX Daemon Server] - 2025-02-20T11:06:19.010Z - [REQUEST]: Responding to the client. handleGetEstimatedTaskTimings
[NX Daemon Server] - 2025-02-20T11:06:19.010Z - Done responding to the client handleGetEstimatedTaskTimings
[NX Daemon Server] - 2025-02-20T11:06:19.010Z - Handled GET_ESTIMATED_TASK_TIMINGS. Handling time: 0. Response time: 0.
[NX Daemon Server] - 2025-02-20T11:06:19.701Z - [WATCHER]: Processing file changes in outputs
[NX Daemon Server] - 2025-02-20T11:06:20.923Z - [REQUEST]: Responding to the client. recordOutputsHash
[NX Daemon Server] - 2025-02-20T11:06:20.923Z - Done responding to the client recordOutputsHash
[NX Daemon Server] - 2025-02-20T11:06:20.923Z - Handled RECORD_OUTPUTS_HASH. Handling time: 2. Response time: 0.
[NX Daemon Server] - 2025-02-20T11:06:21.015Z - [REQUEST]: Responding to the client. PROCESS_IN_BACKGROUND
[NX Daemon Server] - 2025-02-20T11:06:21.015Z - Done responding to the client PROCESS_IN_BACKGROUND
[NX Daemon Server] - 2025-02-20T11:06:21.015Z - Handled PROCESS_IN_BACKGROUND. Handling time: 67. Response time: 0.
[NX Daemon Server] - 2025-02-20T11:06:21.015Z - [WATCHER]: Processing file changes in outputs
[NX Daemon Server] - 2025-02-20T11:06:21.016Z - Uploading file artifacts
[NX Daemon Server] - 2025-02-20T11:06:21.022Z - [REQUEST]: Responding to the client. handleRunPostTasksExecution
[NX Daemon Server] - 2025-02-20T11:06:21.022Z - Done responding to the client handleRunPostTasksExecution
[NX Daemon Server] - 2025-02-20T11:06:21.022Z - Handled POST_TASKS_EXECUTION. Handling time: 0. Response time: 0.
[NX Daemon Server] - 2025-02-20T11:06:21.055Z - Time taken for 'postTasksExecution' 0.0861670000012964ms
[NX Daemon Server] - 2025-02-20T11:06:21.055Z - Closed a connection. Number of open connections: 10
[NX Daemon Server] - 2025-02-20T11:06:21.813Z - Done uploading file artifacts
[NX Daemon Server] - 2025-02-20T11:06:21.814Z - Sending EndRun request
[NX Daemon Server] - 2025-02-20T11:06:21.967Z - Done sending EndRun request
[NX Daemon Server] - 2025-02-20T11:06:34.636Z - Established a connection. Number of open connections: 11
[NX Daemon Server] - 2025-02-20T11:06:34.636Z - Closed a connection. Number of open connections: 10
[NX Daemon Server] - 2025-02-20T11:06:34.636Z - Established a connection. Number of open connections: 11
[NX Daemon Server] - 2025-02-20T11:06:34.637Z - [REQUEST]: Client Request for Project Graph Received
[NX Daemon Server] - 2025-02-20T11:06:34.638Z - [REQUEST]: Responding to the client. project-graph
[NX Daemon Server] - 2025-02-20T11:06:34.638Z - Time taken for 'total for creating and serializing project graph' 0.12704200000007404ms
[NX Daemon Server] - 2025-02-20T11:06:34.641Z - Done responding to the client project-graph
[NX Daemon Server] - 2025-02-20T11:06:34.641Z - Handled REQUEST_PROJECT_GRAPH. Handling time: 1. Response time: 3.
[NX Daemon Server] - 2025-02-20T11:06:34.646Z - [REQUEST]: Responding to the client. handleRunPreTasksExecution
[NX Daemon Server] - 2025-02-20T11:06:34.646Z - Done responding to the client handleRunPreTasksExecution
[NX Daemon Server] - 2025-02-20T11:06:34.646Z - Handled PRE_TASKS_EXECUTION. Handling time: 0. Response time: 0.
[NX Daemon Server] - 2025-02-20T11:06:34.646Z - Time taken for 'preTasksExecution' 0.08720800000446616ms
[NX Daemon Server] - 2025-02-20T11:06:34.677Z - [REQUEST]: Responding to the client. handleHashTasks
[NX Daemon Server] - 2025-02-20T11:06:34.677Z - Done responding to the client handleHashTasks
[NX Daemon Server] - 2025-02-20T11:06:34.677Z - Handled HASH_TASKS. Handling time: 6. Response time: 0.
[NX Daemon Server] - 2025-02-20T11:06:34.774Z - [REQUEST]: Responding to the client. handleGetEstimatedTaskTimings
[NX Daemon Server] - 2025-02-20T11:06:34.774Z - Done responding to the client handleGetEstimatedTaskTimings
[NX Daemon Server] - 2025-02-20T11:06:34.774Z - Handled GET_ESTIMATED_TASK_TIMINGS. Handling time: 0. Response time: 0.
[NX Daemon Server] - 2025-02-20T11:06:34.986Z - Established a connection. Number of open connections: 12
[NX Daemon Server] - 2025-02-20T11:06:34.986Z - Closed a connection. Number of open connections: 11
[NX Daemon Server] - 2025-02-20T11:06:34.987Z - Established a connection. Number of open connections: 12
[NX Daemon Server] - 2025-02-20T11:06:34.988Z - [REQUEST]: Client Request for Project Graph Received
[NX Daemon Server] - 2025-02-20T11:06:34.988Z - [REQUEST]: Responding to the client. project-graph
[NX Daemon Server] - 2025-02-20T11:06:34.988Z - Time taken for 'total for creating and serializing project graph' 0.11129100000107428ms
[NX Daemon Server] - 2025-02-20T11:06:34.990Z - Done responding to the client project-graph
[NX Daemon Server] - 2025-02-20T11:06:34.990Z - Handled REQUEST_PROJECT_GRAPH. Handling time: 0. Response time: 2.
[NX Daemon Server] - 2025-02-20T11:06:37.169Z - [WATCHER]: Processing file changes in outputs
[NX Daemon Server] - 2025-02-20T11:06:37.326Z - [WATCHER]: Processing file changes in outputs
[NX Daemon Server] - 2025-02-20T11:06:39.035Z - [WATCHER]: Processing file changes in outputs
[NX Daemon Server] - 2025-02-20T11:10:16.853Z - [WATCHER]: Processing file changes in outputs
[NX Daemon Server] - 2025-02-20T11:10:16.881Z - [WATCHER]: libs/admin/feature-login/src/lib/feature-login/feature-login.component.ts was modified
[NX Daemon Server] - 2025-02-20T11:10:16.882Z - [REQUEST]: Responding to the client. File watch changed
[NX Daemon Server] - 2025-02-20T11:10:16.883Z - [REQUEST]: Responding to the client. File watch changed
[NX Daemon Server] - 2025-02-20T11:10:16.883Z - Done responding to the client File watch changed
[NX Daemon Server] - 2025-02-20T11:10:16.883Z - Done responding to the client File watch changed
[NX Daemon Server] - 2025-02-20T11:10:16.883Z - Handled FILE-WATCH-CHANGED. Handling time: 0. Response time: 1.
[NX Daemon Server] - 2025-02-20T11:10:16.883Z - Handled FILE-WATCH-CHANGED. Handling time: 1. Response time: 0.
[NX Daemon Server] - 2025-02-20T11:10:16.883Z - Time taken for 'changed-projects' 0.3653749999939464ms
[NX Daemon Server] - 2025-02-20T11:10:16.983Z - [REQUEST]: Updated workspace context based on watched changes, recomputing project graph...
[NX Daemon Server] - 2025-02-20T11:10:16.983Z - [REQUEST]: libs/admin/feature-login/src/lib/feature-login/feature-login.component.ts
[NX Daemon Server] - 2025-02-20T11:10:16.983Z - [REQUEST]: 
[NX Daemon Server] - 2025-02-20T11:10:16.992Z - [REQUEST]: Responding to the client. handleHashGlob
[NX Daemon Server] - 2025-02-20T11:10:16.992Z - Done responding to the client handleHashGlob
[NX Daemon Server] - 2025-02-20T11:10:16.992Z - Handled HASH_GLOB. Handling time: 1. Response time: 0.
[NX Daemon Server] - 2025-02-20T11:10:16.992Z - Time taken for 'hash changed files from watcher' 0.23458299995400012ms
[NX Daemon Server] - 2025-02-20T11:10:16.994Z - [REQUEST]: Responding to the client. handleHashGlob
[NX Daemon Server] - 2025-02-20T11:10:16.994Z - Done responding to the client handleHashGlob
[NX Daemon Server] - 2025-02-20T11:10:16.994Z - Handled HASH_GLOB. Handling time: 1. Response time: 0.
[NX Daemon Server] - 2025-02-20T11:10:16.995Z - [REQUEST]: Responding to the client. handleGlob
[NX Daemon Server] - 2025-02-20T11:10:16.995Z - Done responding to the client handleGlob
[NX Daemon Server] - 2025-02-20T11:10:16.995Z - Handled GLOB. Handling time: 1. Response time: 0.
[NX Daemon Server] - 2025-02-20T11:10:16.995Z - [REQUEST]: Responding to the client. handleHashGlob
[NX Daemon Server] - 2025-02-20T11:10:16.996Z - Done responding to the client handleHashGlob
[NX Daemon Server] - 2025-02-20T11:10:16.996Z - Handled HASH_GLOB. Handling time: 0. Response time: 1.
[NX Daemon Server] - 2025-02-20T11:10:16.997Z - [REQUEST]: Responding to the client. handleHashGlob
[NX Daemon Server] - 2025-02-20T11:10:16.997Z - Done responding to the client handleHashGlob
[NX Daemon Server] - 2025-02-20T11:10:16.997Z - Handled HASH_GLOB. Handling time: 1. Response time: 0.
[NX Daemon Server] - 2025-02-20T11:10:16.998Z - [REQUEST]: Responding to the client. handleHashGlob
[NX Daemon Server] - 2025-02-20T11:10:16.998Z - Done responding to the client handleHashGlob
[NX Daemon Server] - 2025-02-20T11:10:16.998Z - Handled HASH_GLOB. Handling time: 1. Response time: 0.
[NX Daemon Server] - 2025-02-20T11:10:16.998Z - [REQUEST]: Responding to the client. handleHashGlob
[NX Daemon Server] - 2025-02-20T11:10:16.998Z - Done responding to the client handleHashGlob
[NX Daemon Server] - 2025-02-20T11:10:16.998Z - Handled HASH_GLOB. Handling time: 0. Response time: 0.
[NX Daemon Server] - 2025-02-20T11:10:16.999Z - [REQUEST]: Responding to the client. handleHashGlob
[NX Daemon Server] - 2025-02-20T11:10:16.999Z - Done responding to the client handleHashGlob
[NX Daemon Server] - 2025-02-20T11:10:16.999Z - Handled HASH_GLOB. Handling time: 0. Response time: 0.
[NX Daemon Server] - 2025-02-20T11:10:17.000Z - [REQUEST]: Responding to the client. handleHashGlob
[NX Daemon Server] - 2025-02-20T11:10:17.000Z - Done responding to the client handleHashGlob
[NX Daemon Server] - 2025-02-20T11:10:17.000Z - Handled HASH_GLOB. Handling time: 1. Response time: 0.
[NX Daemon Server] - 2025-02-20T11:10:17.001Z - [REQUEST]: Responding to the client. handleHashGlob
[NX Daemon Server] - 2025-02-20T11:10:17.001Z - Done responding to the client handleHashGlob
[NX Daemon Server] - 2025-02-20T11:10:17.001Z - Handled HASH_GLOB. Handling time: 1. Response time: 0.
[NX Daemon Server] - 2025-02-20T11:10:17.001Z - [REQUEST]: Responding to the client. handleHashGlob
[NX Daemon Server] - 2025-02-20T11:10:17.001Z - Done responding to the client handleHashGlob
[NX Daemon Server] - 2025-02-20T11:10:17.001Z - Handled HASH_GLOB. Handling time: 0. Response time: 0.
[NX Daemon Server] - 2025-02-20T11:10:17.005Z - [REQUEST]: Responding to the client. handleHashGlob
[NX Daemon Server] - 2025-02-20T11:10:17.005Z - Done responding to the client handleHashGlob
[NX Daemon Server] - 2025-02-20T11:10:17.005Z - Handled HASH_GLOB. Handling time: 0. Response time: 0.
[NX Daemon Server] - 2025-02-20T11:10:17.007Z - [REQUEST]: Responding to the client. handleHashGlob
[NX Daemon Server] - 2025-02-20T11:10:17.008Z - Done responding to the client handleHashGlob
[NX Daemon Server] - 2025-02-20T11:10:17.008Z - Handled HASH_GLOB. Handling time: 0. Response time: 1.
[NX Daemon Server] - 2025-02-20T11:10:17.290Z - [WATCHER]: Processing file changes in outputs
[NX Daemon Server] - 2025-02-20T11:10:17.389Z - [REQUEST]: Client Request for Project Graph Received
[NX Daemon Server] - 2025-02-20T11:10:17.389Z - [REQUEST]: Updated workspace context based on watched changes, recomputing project graph...
[NX Daemon Server] - 2025-02-20T11:10:17.389Z - [REQUEST]: libs/admin/feature-login/src/lib/feature-login/feature-login.component.ts
[NX Daemon Server] - 2025-02-20T11:10:17.389Z - [REQUEST]: 
[NX Daemon Server] - 2025-02-20T11:10:17.395Z - Time taken for 'hash changed files from watcher' 0.1501249999855645ms
[NX Daemon Server] - 2025-02-20T11:10:17.396Z - [REQUEST]: Responding to the client. handleHashGlob
[NX Daemon Server] - 2025-02-20T11:10:17.396Z - Done responding to the client handleHashGlob
[NX Daemon Server] - 2025-02-20T11:10:17.396Z - Handled HASH_GLOB. Handling time: 0. Response time: 0.
[NX Daemon Server] - 2025-02-20T11:10:17.397Z - [REQUEST]: Responding to the client. handleHashGlob
[NX Daemon Server] - 2025-02-20T11:10:17.397Z - Done responding to the client handleHashGlob
[NX Daemon Server] - 2025-02-20T11:10:17.397Z - Handled HASH_GLOB. Handling time: 0. Response time: 0.
[NX Daemon Server] - 2025-02-20T11:10:17.398Z - [REQUEST]: Responding to the client. handleHashGlob
[NX Daemon Server] - 2025-02-20T11:10:17.398Z - Done responding to the client handleHashGlob
[NX Daemon Server] - 2025-02-20T11:10:17.398Z - Handled HASH_GLOB. Handling time: 1. Response time: 0.
[NX Daemon Server] - 2025-02-20T11:10:17.639Z - [REQUEST]: Responding to the client. handleHashGlob
[NX Daemon Server] - 2025-02-20T11:10:17.639Z - Done responding to the client handleHashGlob
[NX Daemon Server] - 2025-02-20T11:10:17.639Z - Handled HASH_GLOB. Handling time: 0. Response time: 0.
[NX Daemon Server] - 2025-02-20T11:10:17.640Z - [REQUEST]: Responding to the client. handleHashGlob
[NX Daemon Server] - 2025-02-20T11:10:17.640Z - Done responding to the client handleHashGlob
[NX Daemon Server] - 2025-02-20T11:10:17.640Z - Handled HASH_GLOB. Handling time: 0. Response time: 0.
[NX Daemon Server] - 2025-02-20T11:10:17.641Z - [REQUEST]: Responding to the client. handleHashGlob
[NX Daemon Server] - 2025-02-20T11:10:17.641Z - Done responding to the client handleHashGlob
[NX Daemon Server] - 2025-02-20T11:10:17.641Z - Handled HASH_GLOB. Handling time: 1. Response time: 0.
[NX Daemon Server] - 2025-02-20T11:10:17.747Z - [REQUEST]: Responding to the client. handleHashGlob
[NX Daemon Server] - 2025-02-20T11:10:17.747Z - Done responding to the client handleHashGlob
[NX Daemon Server] - 2025-02-20T11:10:17.747Z - Handled HASH_GLOB. Handling time: 0. Response time: 0.
[NX Daemon Server] - 2025-02-20T11:10:17.748Z - [REQUEST]: Responding to the client. handleGlob
[NX Daemon Server] - 2025-02-20T11:10:17.748Z - Done responding to the client handleGlob
[NX Daemon Server] - 2025-02-20T11:10:17.748Z - Handled GLOB. Handling time: 0. Response time: 0.
[NX Daemon Server] - 2025-02-20T11:10:17.754Z - Time taken for 'build-project-configs' 359.84995899995556ms
[NX Daemon Server] - 2025-02-20T11:10:17.755Z - [REQUEST]: Responding to the client. handleHashGlob
[NX Daemon Server] - 2025-02-20T11:10:17.755Z - Done responding to the client handleHashGlob
[NX Daemon Server] - 2025-02-20T11:10:17.755Z - Handled HASH_GLOB. Handling time: 1. Response time: 0.
[NX Daemon Server] - 2025-02-20T11:10:17.756Z - [REQUEST]: Responding to the client. handleHashGlob
[NX Daemon Server] - 2025-02-20T11:10:17.756Z - Done responding to the client handleHashGlob
[NX Daemon Server] - 2025-02-20T11:10:17.756Z - Handled HASH_GLOB. Handling time: 1. Response time: 0.
[NX Daemon Server] - 2025-02-20T11:10:17.756Z - [REQUEST]: Responding to the client. handleHashGlob
[NX Daemon Server] - 2025-02-20T11:10:17.756Z - Done responding to the client handleHashGlob
[NX Daemon Server] - 2025-02-20T11:10:17.756Z - Handled HASH_GLOB. Handling time: 0. Response time: 0.
[NX Daemon Server] - 2025-02-20T11:10:17.757Z - [REQUEST]: Responding to the client. handleHashGlob
[NX Daemon Server] - 2025-02-20T11:10:17.757Z - Done responding to the client handleHashGlob
[NX Daemon Server] - 2025-02-20T11:10:17.757Z - Handled HASH_GLOB. Handling time: 0. Response time: 0.
[NX Daemon Server] - 2025-02-20T11:10:17.757Z - [REQUEST]: Responding to the client. handleHashGlob
[NX Daemon Server] - 2025-02-20T11:10:17.758Z - Done responding to the client handleHashGlob
[NX Daemon Server] - 2025-02-20T11:10:17.758Z - Handled HASH_GLOB. Handling time: 0. Response time: 1.
[NX Daemon Server] - 2025-02-20T11:10:17.758Z - [REQUEST]: Responding to the client. handleHashGlob
[NX Daemon Server] - 2025-02-20T11:10:17.758Z - Done responding to the client handleHashGlob
[NX Daemon Server] - 2025-02-20T11:10:17.758Z - Handled HASH_GLOB. Handling time: 0. Response time: 0.
[NX Daemon Server] - 2025-02-20T11:10:17.759Z - [REQUEST]: Responding to the client. handleHashGlob
[NX Daemon Server] - 2025-02-20T11:10:17.759Z - Done responding to the client handleHashGlob
[NX Daemon Server] - 2025-02-20T11:10:17.759Z - Handled HASH_GLOB. Handling time: 0. Response time: 0.
[NX Daemon Server] - 2025-02-20T11:10:17.768Z - [REQUEST]: Responding to the client. handleHashGlob
[NX Daemon Server] - 2025-02-20T11:10:17.768Z - Done responding to the client handleHashGlob
[NX Daemon Server] - 2025-02-20T11:10:17.768Z - Handled HASH_GLOB. Handling time: 0. Response time: 0.
[NX Daemon Server] - 2025-02-20T11:10:17.769Z - [REQUEST]: Responding to the client. handleHashGlob
[NX Daemon Server] - 2025-02-20T11:10:17.769Z - Done responding to the client handleHashGlob
[NX Daemon Server] - 2025-02-20T11:10:17.769Z - Handled HASH_GLOB. Handling time: 0. Response time: 0.
[NX Daemon Server] - 2025-02-20T11:10:17.770Z - [REQUEST]: Responding to the client. handleHashGlob
[NX Daemon Server] - 2025-02-20T11:10:17.770Z - Done responding to the client handleHashGlob
[NX Daemon Server] - 2025-02-20T11:10:17.770Z - Handled HASH_GLOB. Handling time: 0. Response time: 0.
[NX Daemon Server] - 2025-02-20T11:10:17.781Z - [REQUEST]: Responding to the client. handleHashGlob
[NX Daemon Server] - 2025-02-20T11:10:17.781Z - Done responding to the client handleHashGlob
[NX Daemon Server] - 2025-02-20T11:10:17.781Z - Handled HASH_GLOB. Handling time: 0. Response time: 0.
[NX Daemon Server] - 2025-02-20T11:10:17.782Z - [REQUEST]: Responding to the client. handleHashGlob
[NX Daemon Server] - 2025-02-20T11:10:17.782Z - Done responding to the client handleHashGlob
[NX Daemon Server] - 2025-02-20T11:10:17.782Z - Handled HASH_GLOB. Handling time: 0. Response time: 0.
[NX Daemon Server] - 2025-02-20T11:10:17.783Z - [REQUEST]: Responding to the client. handleHashGlob
[NX Daemon Server] - 2025-02-20T11:10:17.783Z - Done responding to the client handleHashGlob
[NX Daemon Server] - 2025-02-20T11:10:17.783Z - Handled HASH_GLOB. Handling time: 1. Response time: 0.
[NX Daemon Server] - 2025-02-20T11:10:17.787Z - Time taken for 'build-project-configs' 393.8086250000051ms
[NX Daemon Server] - 2025-02-20T11:10:17.803Z - [SYNC]: collect registered sync generators
[NX Daemon Server] - 2025-02-20T11:10:17.803Z - [SYNC]: project graph hash is the same, not collecting task sync generators
[NX Daemon Server] - 2025-02-20T11:10:17.803Z - [SYNC]: nx.json hash is the same, not collecting global sync generators
[NX Daemon Server] - 2025-02-20T11:10:17.803Z - Time taken for 'total execution time for createProjectGraph()' 11.927416999998968ms
[NX Daemon Server] - 2025-02-20T11:10:17.831Z - [REQUEST]: Responding to the client. project-graph
[NX Daemon Server] - 2025-02-20T11:10:17.832Z - Time taken for 'total for creating and serializing project graph' 442.430250000034ms
[NX Daemon Server] - 2025-02-20T11:10:17.839Z - Done responding to the client project-graph
[NX Daemon Server] - 2025-02-20T11:10:17.839Z - Handled REQUEST_PROJECT_GRAPH. Handling time: 442. Response time: 8.
[NX Daemon Server] - 2025-02-20T11:10:17.886Z - Established a connection. Number of open connections: 13
[NX Daemon Server] - 2025-02-20T11:10:17.887Z - [REQUEST]: Client Request for Project Graph Received
[NX Daemon Server] - 2025-02-20T11:10:17.887Z - [REQUEST]: Responding to the client. project-graph
[NX Daemon Server] - 2025-02-20T11:10:17.887Z - Time taken for 'total for creating and serializing project graph' 0.1454579999553971ms
[NX Daemon Server] - 2025-02-20T11:10:17.887Z - Closed a connection. Number of open connections: 12
[NX Daemon Server] - 2025-02-20T11:10:17.889Z - Done responding to the client project-graph
[NX Daemon Server] - 2025-02-20T11:10:17.889Z - Handled REQUEST_PROJECT_GRAPH. Handling time: 0. Response time: 2.
[NX Daemon Server] - 2025-02-20T11:10:17.893Z - [REQUEST]: Responding to the client. handleContextFileData
[NX Daemon Server] - 2025-02-20T11:10:17.893Z - Done responding to the client handleContextFileData
[NX Daemon Server] - 2025-02-20T11:10:17.893Z - Handled GET_CONTEXT_FILE_DATA. Handling time: 0. Response time: 0.
[NX Daemon Server] - 2025-02-20T11:10:17.893Z - Closed a connection. Number of open connections: 11
[NX Daemon Server] - 2025-02-20T11:10:17.942Z - Closed a connection. Number of open connections: 10
[NX Daemon Server] - 2025-02-20T11:10:17.942Z - Established a connection. Number of open connections: 11
[NX Daemon Server] - 2025-02-20T11:10:17.943Z - Established a connection. Number of open connections: 12
[NX Daemon Server] - 2025-02-20T11:10:17.943Z - Closed a connection. Number of open connections: 11
[NX Daemon Server] - 2025-02-20T11:10:17.943Z - [REQUEST]: Client Request for Project Graph Received
[NX Daemon Server] - 2025-02-20T11:10:17.943Z - [REQUEST]: Responding to the client. project-graph
[NX Daemon Server] - 2025-02-20T11:10:17.944Z - Time taken for 'total for creating and serializing project graph' 0.12537500000325963ms
[NX Daemon Server] - 2025-02-20T11:10:17.945Z - Done responding to the client project-graph
[NX Daemon Server] - 2025-02-20T11:10:17.945Z - Handled REQUEST_PROJECT_GRAPH. Handling time: 0. Response time: 2.
[NX Daemon Server] - 2025-02-20T11:10:17.948Z - [REQUEST]: Client Request for Project Graph Received
[NX Daemon Server] - 2025-02-20T11:10:17.948Z - [REQUEST]: Responding to the client. project-graph
[NX Daemon Server] - 2025-02-20T11:10:17.948Z - Time taken for 'total for creating and serializing project graph' 0.11875000002328306ms
[NX Daemon Server] - 2025-02-20T11:10:17.949Z - Done responding to the client project-graph
[NX Daemon Server] - 2025-02-20T11:10:17.949Z - Handled REQUEST_PROJECT_GRAPH. Handling time: 0. Response time: 1.
[NX Daemon Server] - 2025-02-20T11:10:17.952Z - Established a connection. Number of open connections: 12
[NX Daemon Server] - 2025-02-20T11:10:18.511Z - [WATCHER]: Processing file changes in outputs
[NX Daemon Server] - 2025-02-20T11:10:19.904Z - [WATCHER]: Processing file changes in outputs
[NX Daemon Server] - 2025-02-20T11:10:47.100Z - [WATCHER]: libs/admin/feature-login/src/lib/feature-login/feature-login.component.html was modified
[NX Daemon Server] - 2025-02-20T11:10:47.101Z - [REQUEST]: Responding to the client. File watch changed
[NX Daemon Server] - 2025-02-20T11:10:47.101Z - [REQUEST]: Responding to the client. File watch changed
[NX Daemon Server] - 2025-02-20T11:10:47.101Z - Done responding to the client File watch changed
[NX Daemon Server] - 2025-02-20T11:10:47.101Z - Done responding to the client File watch changed
[NX Daemon Server] - 2025-02-20T11:10:47.101Z - Handled FILE-WATCH-CHANGED. Handling time: 0. Response time: 0.
[NX Daemon Server] - 2025-02-20T11:10:47.101Z - Handled FILE-WATCH-CHANGED. Handling time: 0. Response time: 0.
[NX Daemon Server] - 2025-02-20T11:10:47.101Z - [WATCHER]: Processing file changes in outputs
[NX Daemon Server] - 2025-02-20T11:10:47.101Z - Time taken for 'changed-projects' 0.1085000000311993ms
[NX Daemon Server] - 2025-02-20T11:10:47.201Z - [REQUEST]: Updated workspace context based on watched changes, recomputing project graph...
[NX Daemon Server] - 2025-02-20T11:10:47.201Z - [REQUEST]: libs/admin/feature-login/src/lib/feature-login/feature-login.component.html
[NX Daemon Server] - 2025-02-20T11:10:47.201Z - [REQUEST]: 
[NX Daemon Server] - 2025-02-20T11:10:47.209Z - [REQUEST]: Responding to the client. handleHashGlob
[NX Daemon Server] - 2025-02-20T11:10:47.209Z - Done responding to the client handleHashGlob
[NX Daemon Server] - 2025-02-20T11:10:47.209Z - Handled HASH_GLOB. Handling time: 0. Response time: 0.
[NX Daemon Server] - 2025-02-20T11:10:47.209Z - Time taken for 'hash changed files from watcher' 0.23229199997149408ms
[NX Daemon Server] - 2025-02-20T11:10:47.210Z - [REQUEST]: Responding to the client. handleGlob
[NX Daemon Server] - 2025-02-20T11:10:47.210Z - Done responding to the client handleGlob
[NX Daemon Server] - 2025-02-20T11:10:47.210Z - Handled GLOB. Handling time: 0. Response time: 0.
[NX Daemon Server] - 2025-02-20T11:10:47.211Z - [REQUEST]: Responding to the client. handleHashGlob
[NX Daemon Server] - 2025-02-20T11:10:47.211Z - Done responding to the client handleHashGlob
[NX Daemon Server] - 2025-02-20T11:10:47.211Z - Handled HASH_GLOB. Handling time: 0. Response time: 0.
[NX Daemon Server] - 2025-02-20T11:10:47.212Z - [REQUEST]: Responding to the client. handleHashGlob
[NX Daemon Server] - 2025-02-20T11:10:47.212Z - Done responding to the client handleHashGlob
[NX Daemon Server] - 2025-02-20T11:10:47.212Z - Handled HASH_GLOB. Handling time: 0. Response time: 0.
[NX Daemon Server] - 2025-02-20T11:10:47.213Z - [REQUEST]: Responding to the client. handleHashGlob
[NX Daemon Server] - 2025-02-20T11:10:47.213Z - Done responding to the client handleHashGlob
[NX Daemon Server] - 2025-02-20T11:10:47.213Z - Handled HASH_GLOB. Handling time: 0. Response time: 0.
[NX Daemon Server] - 2025-02-20T11:10:47.214Z - [REQUEST]: Responding to the client. handleHashGlob
[NX Daemon Server] - 2025-02-20T11:10:47.214Z - Done responding to the client handleHashGlob
[NX Daemon Server] - 2025-02-20T11:10:47.214Z - Handled HASH_GLOB. Handling time: 1. Response time: 0.
[NX Daemon Server] - 2025-02-20T11:10:47.215Z - [REQUEST]: Responding to the client. handleHashGlob
[NX Daemon Server] - 2025-02-20T11:10:47.215Z - Done responding to the client handleHashGlob
[NX Daemon Server] - 2025-02-20T11:10:47.215Z - Handled HASH_GLOB. Handling time: 1. Response time: 0.
[NX Daemon Server] - 2025-02-20T11:10:47.216Z - [REQUEST]: Responding to the client. handleHashGlob
[NX Daemon Server] - 2025-02-20T11:10:47.216Z - Done responding to the client handleHashGlob
[NX Daemon Server] - 2025-02-20T11:10:47.216Z - Handled HASH_GLOB. Handling time: 1. Response time: 0.
[NX Daemon Server] - 2025-02-20T11:10:47.216Z - [REQUEST]: Responding to the client. handleHashGlob
[NX Daemon Server] - 2025-02-20T11:10:47.216Z - Done responding to the client handleHashGlob
[NX Daemon Server] - 2025-02-20T11:10:47.216Z - Handled HASH_GLOB. Handling time: 0. Response time: 0.
[NX Daemon Server] - 2025-02-20T11:10:47.217Z - [REQUEST]: Responding to the client. handleHashGlob
[NX Daemon Server] - 2025-02-20T11:10:47.217Z - Done responding to the client handleHashGlob
[NX Daemon Server] - 2025-02-20T11:10:47.217Z - Handled HASH_GLOB. Handling time: 0. Response time: 0.
[NX Daemon Server] - 2025-02-20T11:10:47.218Z - [REQUEST]: Responding to the client. handleHashGlob
[NX Daemon Server] - 2025-02-20T11:10:47.218Z - Done responding to the client handleHashGlob
[NX Daemon Server] - 2025-02-20T11:10:47.218Z - Handled HASH_GLOB. Handling time: 0. Response time: 0.
[NX Daemon Server] - 2025-02-20T11:10:47.231Z - [REQUEST]: Responding to the client. handleHashGlob
[NX Daemon Server] - 2025-02-20T11:10:47.231Z - Done responding to the client handleHashGlob
[NX Daemon Server] - 2025-02-20T11:10:47.231Z - Handled HASH_GLOB. Handling time: 1. Response time: 0.
[NX Daemon Server] - 2025-02-20T11:10:47.231Z - [REQUEST]: Responding to the client. handleHashGlob
[NX Daemon Server] - 2025-02-20T11:10:47.231Z - Done responding to the client handleHashGlob
[NX Daemon Server] - 2025-02-20T11:10:47.231Z - Handled HASH_GLOB. Handling time: 0. Response time: 0.
[NX Daemon Server] - 2025-02-20T11:10:47.232Z - [REQUEST]: Responding to the client. handleHashGlob
[NX Daemon Server] - 2025-02-20T11:10:47.232Z - Done responding to the client handleHashGlob
[NX Daemon Server] - 2025-02-20T11:10:47.232Z - Handled HASH_GLOB. Handling time: 0. Response time: 0.
[NX Daemon Server] - 2025-02-20T11:10:47.244Z - [REQUEST]: Responding to the client. handleHashGlob
[NX Daemon Server] - 2025-02-20T11:10:47.244Z - Done responding to the client handleHashGlob
[NX Daemon Server] - 2025-02-20T11:10:47.244Z - Handled HASH_GLOB. Handling time: 0. Response time: 0.
[NX Daemon Server] - 2025-02-20T11:10:47.245Z - [REQUEST]: Responding to the client. handleHashGlob
[NX Daemon Server] - 2025-02-20T11:10:47.245Z - Done responding to the client handleHashGlob
[NX Daemon Server] - 2025-02-20T11:10:47.245Z - Handled HASH_GLOB. Handling time: 1. Response time: 0.
[NX Daemon Server] - 2025-02-20T11:10:47.245Z - [REQUEST]: Responding to the client. handleHashGlob
[NX Daemon Server] - 2025-02-20T11:10:47.245Z - Done responding to the client handleHashGlob
[NX Daemon Server] - 2025-02-20T11:10:47.245Z - Handled HASH_GLOB. Handling time: 0. Response time: 0.
[NX Daemon Server] - 2025-02-20T11:10:47.251Z - Time taken for 'build-project-configs' 45.11241699999664ms
[NX Daemon Server] - 2025-02-20T11:10:47.275Z - [SYNC]: collect registered sync generators
[NX Daemon Server] - 2025-02-20T11:10:47.275Z - [SYNC]: project graph hash is the same, not collecting task sync generators
[NX Daemon Server] - 2025-02-20T11:10:47.275Z - [SYNC]: nx.json hash is the same, not collecting global sync generators
[NX Daemon Server] - 2025-02-20T11:10:47.275Z - Time taken for 'total execution time for createProjectGraph()' 20.71795799996471ms
[NX Daemon Server] - 2025-02-20T11:10:47.602Z - [REQUEST]: Client Request for Project Graph Received
[NX Daemon Server] - 2025-02-20T11:10:47.602Z - [REQUEST]: Responding to the client. project-graph
[NX Daemon Server] - 2025-02-20T11:10:47.603Z - Time taken for 'total for creating and serializing project graph' 0.23625000001629815ms
[NX Daemon Server] - 2025-02-20T11:10:47.606Z - Done responding to the client project-graph
[NX Daemon Server] - 2025-02-20T11:10:47.606Z - Handled REQUEST_PROJECT_GRAPH. Handling time: 0. Response time: 4.
[NX Daemon Server] - 2025-02-20T11:10:48.105Z - Established a connection. Number of open connections: 13
[NX Daemon Server] - 2025-02-20T11:10:48.106Z - [REQUEST]: Client Request for Project Graph Received
[NX Daemon Server] - 2025-02-20T11:10:48.107Z - [REQUEST]: Responding to the client. project-graph
[NX Daemon Server] - 2025-02-20T11:10:48.107Z - Time taken for 'total for creating and serializing project graph' 0.3177919999579899ms
[NX Daemon Server] - 2025-02-20T11:10:48.108Z - Closed a connection. Number of open connections: 12
[NX Daemon Server] - 2025-02-20T11:10:48.113Z - Done responding to the client project-graph
[NX Daemon Server] - 2025-02-20T11:10:48.113Z - Handled REQUEST_PROJECT_GRAPH. Handling time: 1. Response time: 6.
[NX Daemon Server] - 2025-02-20T11:10:48.119Z - [REQUEST]: Responding to the client. handleContextFileData
[NX Daemon Server] - 2025-02-20T11:10:48.119Z - Done responding to the client handleContextFileData
[NX Daemon Server] - 2025-02-20T11:10:48.119Z - Handled GET_CONTEXT_FILE_DATA. Handling time: 1. Response time: 0.
[NX Daemon Server] - 2025-02-20T11:10:48.119Z - Closed a connection. Number of open connections: 11
[NX Daemon Server] - 2025-02-20T11:10:48.169Z - Closed a connection. Number of open connections: 10
[NX Daemon Server] - 2025-02-20T11:10:48.170Z - Established a connection. Number of open connections: 11
[NX Daemon Server] - 2025-02-20T11:10:48.170Z - Established a connection. Number of open connections: 12
[NX Daemon Server] - 2025-02-20T11:10:48.170Z - Closed a connection. Number of open connections: 11
[NX Daemon Server] - 2025-02-20T11:10:48.170Z - [REQUEST]: Client Request for Project Graph Received
[NX Daemon Server] - 2025-02-20T11:10:48.170Z - [REQUEST]: Responding to the client. project-graph
[NX Daemon Server] - 2025-02-20T11:10:48.171Z - Time taken for 'total for creating and serializing project graph' 0.11758299998473376ms
[NX Daemon Server] - 2025-02-20T11:10:48.173Z - Done responding to the client project-graph
[NX Daemon Server] - 2025-02-20T11:10:48.173Z - Handled REQUEST_PROJECT_GRAPH. Handling time: 0. Response time: 3.
[NX Daemon Server] - 2025-02-20T11:10:48.176Z - [REQUEST]: Client Request for Project Graph Received
[NX Daemon Server] - 2025-02-20T11:10:48.176Z - [REQUEST]: Responding to the client. project-graph
[NX Daemon Server] - 2025-02-20T11:10:48.176Z - Time taken for 'total for creating and serializing project graph' 0.18820899998536333ms
[NX Daemon Server] - 2025-02-20T11:10:48.178Z - Done responding to the client project-graph
[NX Daemon Server] - 2025-02-20T11:10:48.178Z - Handled REQUEST_PROJECT_GRAPH. Handling time: 0. Response time: 2.
[NX Daemon Server] - 2025-02-20T11:10:48.181Z - Established a connection. Number of open connections: 12
[NX Daemon Server] - 2025-02-20T11:11:16.534Z - [WATCHER]: libs/admin/feature-login/src/lib/feature-login/feature-login.component.html was modified
[NX Daemon Server] - 2025-02-20T11:11:16.534Z - [REQUEST]: Responding to the client. File watch changed
[NX Daemon Server] - 2025-02-20T11:11:16.534Z - [REQUEST]: Responding to the client. File watch changed
[NX Daemon Server] - 2025-02-20T11:11:16.535Z - Done responding to the client File watch changed
[NX Daemon Server] - 2025-02-20T11:11:16.535Z - Done responding to the client File watch changed
[NX Daemon Server] - 2025-02-20T11:11:16.535Z - Handled FILE-WATCH-CHANGED. Handling time: 0. Response time: 1.
[NX Daemon Server] - 2025-02-20T11:11:16.535Z - Handled FILE-WATCH-CHANGED. Handling time: 0. Response time: 1.
[NX Daemon Server] - 2025-02-20T11:11:16.535Z - [WATCHER]: Processing file changes in outputs
[NX Daemon Server] - 2025-02-20T11:11:16.535Z - Time taken for 'changed-projects' 0.036666999978479ms
[NX Daemon Server] - 2025-02-20T11:11:16.636Z - [REQUEST]: Updated workspace context based on watched changes, recomputing project graph...
[NX Daemon Server] - 2025-02-20T11:11:16.636Z - [REQUEST]: libs/admin/feature-login/src/lib/feature-login/feature-login.component.html
[NX Daemon Server] - 2025-02-20T11:11:16.636Z - [REQUEST]: 
[NX Daemon Server] - 2025-02-20T11:11:16.643Z - [REQUEST]: Responding to the client. handleHashGlob
[NX Daemon Server] - 2025-02-20T11:11:16.643Z - Done responding to the client handleHashGlob
[NX Daemon Server] - 2025-02-20T11:11:16.643Z - Handled HASH_GLOB. Handling time: 1. Response time: 0.
[NX Daemon Server] - 2025-02-20T11:11:16.643Z - Time taken for 'hash changed files from watcher' 0.197167000034824ms
[NX Daemon Server] - 2025-02-20T11:11:16.643Z - [REQUEST]: Responding to the client. handleHashGlob
[NX Daemon Server] - 2025-02-20T11:11:16.643Z - Done responding to the client handleHashGlob
[NX Daemon Server] - 2025-02-20T11:11:16.643Z - Handled HASH_GLOB. Handling time: 0. Response time: 0.
[NX Daemon Server] - 2025-02-20T11:11:16.644Z - [REQUEST]: Responding to the client. handleGlob
[NX Daemon Server] - 2025-02-20T11:11:16.644Z - Done responding to the client handleGlob
[NX Daemon Server] - 2025-02-20T11:11:16.644Z - Handled GLOB. Handling time: 0. Response time: 0.
[NX Daemon Server] - 2025-02-20T11:11:16.645Z - [REQUEST]: Responding to the client. handleHashGlob
[NX Daemon Server] - 2025-02-20T11:11:16.645Z - Done responding to the client handleHashGlob
[NX Daemon Server] - 2025-02-20T11:11:16.645Z - Handled HASH_GLOB. Handling time: 0. Response time: 0.
[NX Daemon Server] - 2025-02-20T11:11:16.646Z - [REQUEST]: Responding to the client. handleHashGlob
[NX Daemon Server] - 2025-02-20T11:11:16.646Z - Done responding to the client handleHashGlob
[NX Daemon Server] - 2025-02-20T11:11:16.646Z - Handled HASH_GLOB. Handling time: 0. Response time: 0.
[NX Daemon Server] - 2025-02-20T11:11:16.647Z - [REQUEST]: Responding to the client. handleHashGlob
[NX Daemon Server] - 2025-02-20T11:11:16.647Z - Done responding to the client handleHashGlob
[NX Daemon Server] - 2025-02-20T11:11:16.647Z - Handled HASH_GLOB. Handling time: 1. Response time: 0.
[NX Daemon Server] - 2025-02-20T11:11:16.648Z - [REQUEST]: Responding to the client. handleHashGlob
[NX Daemon Server] - 2025-02-20T11:11:16.648Z - Done responding to the client handleHashGlob
[NX Daemon Server] - 2025-02-20T11:11:16.648Z - Handled HASH_GLOB. Handling time: 1. Response time: 0.
[NX Daemon Server] - 2025-02-20T11:11:16.648Z - [REQUEST]: Responding to the client. handleHashGlob
[NX Daemon Server] - 2025-02-20T11:11:16.648Z - Done responding to the client handleHashGlob
[NX Daemon Server] - 2025-02-20T11:11:16.648Z - Handled HASH_GLOB. Handling time: 0. Response time: 0.
[NX Daemon Server] - 2025-02-20T11:11:16.649Z - [REQUEST]: Responding to the client. handleHashGlob
[NX Daemon Server] - 2025-02-20T11:11:16.649Z - Done responding to the client handleHashGlob
[NX Daemon Server] - 2025-02-20T11:11:16.649Z - Handled HASH_GLOB. Handling time: 0. Response time: 0.
[NX Daemon Server] - 2025-02-20T11:11:16.650Z - [REQUEST]: Responding to the client. handleHashGlob
[NX Daemon Server] - 2025-02-20T11:11:16.650Z - Done responding to the client handleHashGlob
[NX Daemon Server] - 2025-02-20T11:11:16.650Z - Handled HASH_GLOB. Handling time: 1. Response time: 0.
[NX Daemon Server] - 2025-02-20T11:11:16.650Z - [REQUEST]: Responding to the client. handleHashGlob
[NX Daemon Server] - 2025-02-20T11:11:16.650Z - Done responding to the client handleHashGlob
[NX Daemon Server] - 2025-02-20T11:11:16.650Z - Handled HASH_GLOB. Handling time: 0. Response time: 0.
[NX Daemon Server] - 2025-02-20T11:11:16.651Z - [REQUEST]: Responding to the client. handleHashGlob
[NX Daemon Server] - 2025-02-20T11:11:16.651Z - Done responding to the client handleHashGlob
[NX Daemon Server] - 2025-02-20T11:11:16.651Z - Handled HASH_GLOB. Handling time: 0. Response time: 0.
[NX Daemon Server] - 2025-02-20T11:11:16.663Z - [REQUEST]: Responding to the client. handleHashGlob
[NX Daemon Server] - 2025-02-20T11:11:16.663Z - Done responding to the client handleHashGlob
[NX Daemon Server] - 2025-02-20T11:11:16.663Z - Handled HASH_GLOB. Handling time: 0. Response time: 0.
[NX Daemon Server] - 2025-02-20T11:11:16.664Z - [REQUEST]: Responding to the client. handleHashGlob
[NX Daemon Server] - 2025-02-20T11:11:16.664Z - Done responding to the client handleHashGlob
[NX Daemon Server] - 2025-02-20T11:11:16.664Z - Handled HASH_GLOB. Handling time: 0. Response time: 0.
[NX Daemon Server] - 2025-02-20T11:11:16.675Z - [REQUEST]: Responding to the client. handleHashGlob
[NX Daemon Server] - 2025-02-20T11:11:16.675Z - Done responding to the client handleHashGlob
[NX Daemon Server] - 2025-02-20T11:11:16.675Z - Handled HASH_GLOB. Handling time: 0. Response time: 0.
[NX Daemon Server] - 2025-02-20T11:11:16.677Z - [REQUEST]: Responding to the client. handleHashGlob
[NX Daemon Server] - 2025-02-20T11:11:16.677Z - Done responding to the client handleHashGlob
[NX Daemon Server] - 2025-02-20T11:11:16.677Z - Handled HASH_GLOB. Handling time: 1. Response time: 0.
[NX Daemon Server] - 2025-02-20T11:11:16.677Z - [REQUEST]: Responding to the client. handleHashGlob
[NX Daemon Server] - 2025-02-20T11:11:16.677Z - Done responding to the client handleHashGlob
[NX Daemon Server] - 2025-02-20T11:11:16.677Z - Handled HASH_GLOB. Handling time: 0. Response time: 0.
[NX Daemon Server] - 2025-02-20T11:11:16.682Z - Time taken for 'build-project-configs' 41.82333399995696ms
[NX Daemon Server] - 2025-02-20T11:11:16.707Z - [SYNC]: collect registered sync generators
[NX Daemon Server] - 2025-02-20T11:11:16.708Z - [SYNC]: project graph hash is the same, not collecting task sync generators
[NX Daemon Server] - 2025-02-20T11:11:16.708Z - [SYNC]: nx.json hash is the same, not collecting global sync generators
[NX Daemon Server] - 2025-02-20T11:11:16.708Z - Time taken for 'total execution time for createProjectGraph()' 21.807042000000365ms
[NX Daemon Server] - 2025-02-20T11:11:17.037Z - [REQUEST]: Client Request for Project Graph Received
[NX Daemon Server] - 2025-02-20T11:11:17.038Z - [REQUEST]: Responding to the client. project-graph
[NX Daemon Server] - 2025-02-20T11:11:17.038Z - Time taken for 'total for creating and serializing project graph' 0.23183400003472343ms
[NX Daemon Server] - 2025-02-20T11:11:17.042Z - Done responding to the client project-graph
[NX Daemon Server] - 2025-02-20T11:11:17.042Z - Handled REQUEST_PROJECT_GRAPH. Handling time: 1. Response time: 4.
[NX Daemon Server] - 2025-02-20T11:11:17.543Z - Established a connection. Number of open connections: 13
[NX Daemon Server] - 2025-02-20T11:11:17.544Z - [REQUEST]: Client Request for Project Graph Received
[NX Daemon Server] - 2025-02-20T11:11:17.545Z - [REQUEST]: Responding to the client. project-graph
[NX Daemon Server] - 2025-02-20T11:11:17.545Z - Time taken for 'total for creating and serializing project graph' 0.2658339999616146ms
[NX Daemon Server] - 2025-02-20T11:11:17.545Z - Closed a connection. Number of open connections: 12
[NX Daemon Server] - 2025-02-20T11:11:17.548Z - Done responding to the client project-graph
[NX Daemon Server] - 2025-02-20T11:11:17.549Z - Handled REQUEST_PROJECT_GRAPH. Handling time: 1. Response time: 4.
[NX Daemon Server] - 2025-02-20T11:11:17.555Z - [REQUEST]: Responding to the client. handleContextFileData
[NX Daemon Server] - 2025-02-20T11:11:17.556Z - Done responding to the client handleContextFileData
[NX Daemon Server] - 2025-02-20T11:11:17.556Z - Handled GET_CONTEXT_FILE_DATA. Handling time: 0. Response time: 1.
[NX Daemon Server] - 2025-02-20T11:11:17.556Z - Closed a connection. Number of open connections: 11
[NX Daemon Server] - 2025-02-20T11:11:17.630Z - Closed a connection. Number of open connections: 10
[NX Daemon Server] - 2025-02-20T11:11:17.630Z - Established a connection. Number of open connections: 11
[NX Daemon Server] - 2025-02-20T11:11:17.630Z - Established a connection. Number of open connections: 12
[NX Daemon Server] - 2025-02-20T11:11:17.630Z - Closed a connection. Number of open connections: 11
[NX Daemon Server] - 2025-02-20T11:11:17.631Z - [REQUEST]: Client Request for Project Graph Received
[NX Daemon Server] - 2025-02-20T11:11:17.631Z - [REQUEST]: Responding to the client. project-graph
[NX Daemon Server] - 2025-02-20T11:11:17.632Z - Time taken for 'total for creating and serializing project graph' 0.11716600001091138ms
[NX Daemon Server] - 2025-02-20T11:11:17.638Z - Done responding to the client project-graph
[NX Daemon Server] - 2025-02-20T11:11:17.638Z - Handled REQUEST_PROJECT_GRAPH. Handling time: 0. Response time: 7.
[NX Daemon Server] - 2025-02-20T11:11:17.642Z - [REQUEST]: Client Request for Project Graph Received
[NX Daemon Server] - 2025-02-20T11:11:17.642Z - [REQUEST]: Responding to the client. project-graph
[NX Daemon Server] - 2025-02-20T11:11:17.643Z - Time taken for 'total for creating and serializing project graph' 0.19691699999384582ms
[NX Daemon Server] - 2025-02-20T11:11:17.644Z - Done responding to the client project-graph
[NX Daemon Server] - 2025-02-20T11:11:17.644Z - Handled REQUEST_PROJECT_GRAPH. Handling time: 0. Response time: 2.
[NX Daemon Server] - 2025-02-20T11:11:17.648Z - Established a connection. Number of open connections: 12
[NX Daemon Server] - 2025-02-20T11:14:53.943Z - Established a connection. Number of open connections: 13
[NX Daemon Server] - 2025-02-20T11:14:53.944Z - Established a connection. Number of open connections: 14
[NX Daemon Server] - 2025-02-20T11:14:53.944Z - Closed a connection. Number of open connections: 13
[NX Daemon Server] - 2025-02-20T11:14:53.946Z - [REQUEST]: Client Request for Project Graph Received
[NX Daemon Server] - 2025-02-20T11:14:53.946Z - [REQUEST]: Responding to the client. project-graph
[NX Daemon Server] - 2025-02-20T11:14:53.947Z - Time taken for 'total for creating and serializing project graph' 0.4926670000422746ms
[NX Daemon Server] - 2025-02-20T11:14:53.949Z - Done responding to the client project-graph
[NX Daemon Server] - 2025-02-20T11:14:53.949Z - Handled REQUEST_PROJECT_GRAPH. Handling time: 0. Response time: 3.
[NX Daemon Server] - 2025-02-20T11:15:20.377Z - [WATCHER]: package.json was modified
[NX Daemon Server] - 2025-02-20T11:15:20.377Z - [REQUEST]: Responding to the client. File watch changed
[NX Daemon Server] - 2025-02-20T11:15:20.378Z - [REQUEST]: Responding to the client. File watch changed
[NX Daemon Server] - 2025-02-20T11:15:20.378Z - Done responding to the client File watch changed
[NX Daemon Server] - 2025-02-20T11:15:20.378Z - Done responding to the client File watch changed
[NX Daemon Server] - 2025-02-20T11:15:20.378Z - Handled FILE-WATCH-CHANGED. Handling time: 0. Response time: 1.
[NX Daemon Server] - 2025-02-20T11:15:20.378Z - Handled FILE-WATCH-CHANGED. Handling time: 1. Response time: 0.
[NX Daemon Server] - 2025-02-20T11:15:20.378Z - [WATCHER]: Processing file changes in outputs
[NX Daemon Server] - 2025-02-20T11:15:20.378Z - Time taken for 'changed-projects' 0.11004099994897842ms
[NX Daemon Server] - 2025-02-20T11:15:20.477Z - [REQUEST]: Updated workspace context based on watched changes, recomputing project graph...
[NX Daemon Server] - 2025-02-20T11:15:20.477Z - [REQUEST]: package.json
[NX Daemon Server] - 2025-02-20T11:15:20.477Z - [REQUEST]: 
[NX Daemon Server] - 2025-02-20T11:15:20.483Z - [REQUEST]: Responding to the client. handleHashGlob
[NX Daemon Server] - 2025-02-20T11:15:20.483Z - Done responding to the client handleHashGlob
[NX Daemon Server] - 2025-02-20T11:15:20.483Z - Handled HASH_GLOB. Handling time: 0. Response time: 0.
[NX Daemon Server] - 2025-02-20T11:15:20.483Z - Time taken for 'hash changed files from watcher' 0.18812499998603016ms
[NX Daemon Server] - 2025-02-20T11:15:20.485Z - [REQUEST]: Responding to the client. handleHashGlob
[NX Daemon Server] - 2025-02-20T11:15:20.485Z - Done responding to the client handleHashGlob
[NX Daemon Server] - 2025-02-20T11:15:20.485Z - Handled HASH_GLOB. Handling time: 1. Response time: 0.
[NX Daemon Server] - 2025-02-20T11:15:20.487Z - [REQUEST]: Responding to the client. handleGlob
[NX Daemon Server] - 2025-02-20T11:15:20.487Z - Done responding to the client handleGlob
[NX Daemon Server] - 2025-02-20T11:15:20.487Z - Handled GLOB. Handling time: 0. Response time: 0.
[NX Daemon Server] - 2025-02-20T11:15:20.488Z - [REQUEST]: Responding to the client. handleHashGlob
[NX Daemon Server] - 2025-02-20T11:15:20.488Z - Done responding to the client handleHashGlob
[NX Daemon Server] - 2025-02-20T11:15:20.488Z - Handled HASH_GLOB. Handling time: 0. Response time: 0.
[NX Daemon Server] - 2025-02-20T11:15:20.489Z - [REQUEST]: Responding to the client. handleHashGlob
[NX Daemon Server] - 2025-02-20T11:15:20.489Z - Done responding to the client handleHashGlob
[NX Daemon Server] - 2025-02-20T11:15:20.489Z - Handled HASH_GLOB. Handling time: 0. Response time: 0.
[NX Daemon Server] - 2025-02-20T11:15:20.490Z - [REQUEST]: Responding to the client. handleHashGlob
[NX Daemon Server] - 2025-02-20T11:15:20.490Z - Done responding to the client handleHashGlob
[NX Daemon Server] - 2025-02-20T11:15:20.490Z - Handled HASH_GLOB. Handling time: 0. Response time: 0.
[NX Daemon Server] - 2025-02-20T11:15:20.491Z - [REQUEST]: Responding to the client. handleHashGlob
[NX Daemon Server] - 2025-02-20T11:15:20.491Z - Done responding to the client handleHashGlob
[NX Daemon Server] - 2025-02-20T11:15:20.491Z - Handled HASH_GLOB. Handling time: 0. Response time: 0.
[NX Daemon Server] - 2025-02-20T11:15:20.492Z - [REQUEST]: Responding to the client. handleHashGlob
[NX Daemon Server] - 2025-02-20T11:15:20.492Z - Done responding to the client handleHashGlob
[NX Daemon Server] - 2025-02-20T11:15:20.492Z - Handled HASH_GLOB. Handling time: 1. Response time: 0.
[NX Daemon Server] - 2025-02-20T11:15:20.492Z - [REQUEST]: Responding to the client. handleHashGlob
[NX Daemon Server] - 2025-02-20T11:15:20.493Z - Done responding to the client handleHashGlob
[NX Daemon Server] - 2025-02-20T11:15:20.493Z - Handled HASH_GLOB. Handling time: 0. Response time: 1.
[NX Daemon Server] - 2025-02-20T11:15:20.493Z - [REQUEST]: Responding to the client. handleHashGlob
[NX Daemon Server] - 2025-02-20T11:15:20.493Z - Done responding to the client handleHashGlob
[NX Daemon Server] - 2025-02-20T11:15:20.493Z - Handled HASH_GLOB. Handling time: 0. Response time: 0.
[NX Daemon Server] - 2025-02-20T11:15:20.494Z - [REQUEST]: Responding to the client. handleHashGlob
[NX Daemon Server] - 2025-02-20T11:15:20.494Z - Done responding to the client handleHashGlob
[NX Daemon Server] - 2025-02-20T11:15:20.495Z - Handled HASH_GLOB. Handling time: 0. Response time: 1.
[NX Daemon Server] - 2025-02-20T11:15:20.496Z - [REQUEST]: Responding to the client. handleHashGlob
[NX Daemon Server] - 2025-02-20T11:15:20.496Z - Done responding to the client handleHashGlob
[NX Daemon Server] - 2025-02-20T11:15:20.496Z - Handled HASH_GLOB. Handling time: 0. Response time: 0.
[NX Daemon Server] - 2025-02-20T11:15:20.497Z - [REQUEST]: Responding to the client. handleHashGlob
[NX Daemon Server] - 2025-02-20T11:15:20.497Z - Done responding to the client handleHashGlob
[NX Daemon Server] - 2025-02-20T11:15:20.497Z - Handled HASH_GLOB. Handling time: 0. Response time: 0.
[NX Daemon Server] - 2025-02-20T11:15:20.498Z - [REQUEST]: Responding to the client. handleHashGlob
[NX Daemon Server] - 2025-02-20T11:15:20.498Z - Done responding to the client handleHashGlob
[NX Daemon Server] - 2025-02-20T11:15:20.498Z - Handled HASH_GLOB. Handling time: 0. Response time: 0.
[NX Daemon Server] - 2025-02-20T11:15:20.499Z - [REQUEST]: Responding to the client. handleHashGlob
[NX Daemon Server] - 2025-02-20T11:15:20.499Z - Done responding to the client handleHashGlob
[NX Daemon Server] - 2025-02-20T11:15:20.499Z - Handled HASH_GLOB. Handling time: 0. Response time: 0.
[NX Daemon Server] - 2025-02-20T11:15:20.500Z - [REQUEST]: Responding to the client. handleHashGlob
[NX Daemon Server] - 2025-02-20T11:15:20.500Z - Done responding to the client handleHashGlob
[NX Daemon Server] - 2025-02-20T11:15:20.500Z - Handled HASH_GLOB. Handling time: 1. Response time: 0.
[NX Daemon Server] - 2025-02-20T11:15:20.501Z - [REQUEST]: Responding to the client. handleHashGlob
[NX Daemon Server] - 2025-02-20T11:15:20.501Z - Done responding to the client handleHashGlob
[NX Daemon Server] - 2025-02-20T11:15:20.501Z - Handled HASH_GLOB. Handling time: 1. Response time: 0.
[NX Daemon Server] - 2025-02-20T11:15:20.515Z - Time taken for 'build-project-configs' 31.039292000001296ms
[NX Daemon Server] - 2025-02-20T11:15:20.538Z - [SYNC]: collect registered sync generators
[NX Daemon Server] - 2025-02-20T11:15:20.539Z - [SYNC]: project graph hash is the same, not collecting task sync generators
[NX Daemon Server] - 2025-02-20T11:15:20.539Z - [SYNC]: nx.json hash is the same, not collecting global sync generators
[NX Daemon Server] - 2025-02-20T11:15:20.539Z - Time taken for 'total execution time for createProjectGraph()' 20.582292000064626ms
[NX Daemon Server] - 2025-02-20T11:15:20.883Z - [REQUEST]: Client Request for Project Graph Received
[NX Daemon Server] - 2025-02-20T11:15:20.883Z - [REQUEST]: Responding to the client. project-graph
[NX Daemon Server] - 2025-02-20T11:15:20.883Z - Time taken for 'total for creating and serializing project graph' 0.20391699997708201ms
[NX Daemon Server] - 2025-02-20T11:15:20.888Z - Done responding to the client project-graph
[NX Daemon Server] - 2025-02-20T11:15:20.888Z - Handled REQUEST_PROJECT_GRAPH. Handling time: 0. Response time: 5.
[NX Daemon Server] - 2025-02-20T11:15:21.380Z - Established a connection. Number of open connections: 14
[NX Daemon Server] - 2025-02-20T11:15:21.380Z - [REQUEST]: Client Request for Project Graph Received
[NX Daemon Server] - 2025-02-20T11:15:21.381Z - [REQUEST]: Responding to the client. project-graph
[NX Daemon Server] - 2025-02-20T11:15:21.381Z - Time taken for 'total for creating and serializing project graph' 0.11074999999254942ms
[NX Daemon Server] - 2025-02-20T11:15:21.381Z - Closed a connection. Number of open connections: 13
[NX Daemon Server] - 2025-02-20T11:15:21.382Z - Done responding to the client project-graph
[NX Daemon Server] - 2025-02-20T11:15:21.382Z - Handled REQUEST_PROJECT_GRAPH. Handling time: 1. Response time: 1.
[NX Daemon Server] - 2025-02-20T11:15:21.386Z - [REQUEST]: Responding to the client. handleContextFileData
[NX Daemon Server] - 2025-02-20T11:15:21.386Z - Done responding to the client handleContextFileData
[NX Daemon Server] - 2025-02-20T11:15:21.386Z - Handled GET_CONTEXT_FILE_DATA. Handling time: 1. Response time: 0.
[NX Daemon Server] - 2025-02-20T11:15:21.387Z - Closed a connection. Number of open connections: 12
[NX Daemon Server] - 2025-02-20T11:15:21.428Z - Closed a connection. Number of open connections: 11
[NX Daemon Server] - 2025-02-20T11:15:21.429Z - Established a connection. Number of open connections: 12
[NX Daemon Server] - 2025-02-20T11:15:21.429Z - Established a connection. Number of open connections: 13
[NX Daemon Server] - 2025-02-20T11:15:21.429Z - Closed a connection. Number of open connections: 12
[NX Daemon Server] - 2025-02-20T11:15:21.429Z - [REQUEST]: Client Request for Project Graph Received
[NX Daemon Server] - 2025-02-20T11:15:21.429Z - [REQUEST]: Responding to the client. project-graph
[NX Daemon Server] - 2025-02-20T11:15:21.430Z - Time taken for 'total for creating and serializing project graph' 0.10366599995177239ms
[NX Daemon Server] - 2025-02-20T11:15:21.432Z - Done responding to the client project-graph
[NX Daemon Server] - 2025-02-20T11:15:21.432Z - Handled REQUEST_PROJECT_GRAPH. Handling time: 0. Response time: 3.
[NX Daemon Server] - 2025-02-20T11:15:21.434Z - [REQUEST]: Client Request for Project Graph Received
[NX Daemon Server] - 2025-02-20T11:15:21.435Z - [REQUEST]: Responding to the client. project-graph
[NX Daemon Server] - 2025-02-20T11:15:21.435Z - Time taken for 'total for creating and serializing project graph' 0.1189580000936985ms
[NX Daemon Server] - 2025-02-20T11:15:21.436Z - Done responding to the client project-graph
[NX Daemon Server] - 2025-02-20T11:15:21.436Z - Handled REQUEST_PROJECT_GRAPH. Handling time: 1. Response time: 1.
[NX Daemon Server] - 2025-02-20T11:15:21.438Z - Established a connection. Number of open connections: 13
[NX Daemon Server] - 2025-02-20T11:15:21.636Z - [WATCHER]: package-lock.json was modified
[NX Daemon Server] - 2025-02-20T11:15:21.637Z - [REQUEST]: Responding to the client. File watch changed
[NX Daemon Server] - 2025-02-20T11:15:21.637Z - [REQUEST]: Responding to the client. File watch changed
[NX Daemon Server] - 2025-02-20T11:15:21.637Z - Done responding to the client File watch changed
[NX Daemon Server] - 2025-02-20T11:15:21.637Z - Done responding to the client File watch changed
[NX Daemon Server] - 2025-02-20T11:15:21.637Z - Handled FILE-WATCH-CHANGED. Handling time: 0. Response time: 0.
[NX Daemon Server] - 2025-02-20T11:15:21.637Z - Handled FILE-WATCH-CHANGED. Handling time: 0. Response time: 0.
[NX Daemon Server] - 2025-02-20T11:15:21.637Z - [WATCHER]: Processing file changes in outputs
[NX Daemon Server] - 2025-02-20T11:15:21.637Z - Time taken for 'changed-projects' 0.035042000003159046ms
[NX Daemon Server] - 2025-02-20T11:15:21.750Z - [REQUEST]: Updated workspace context based on watched changes, recomputing project graph...
[NX Daemon Server] - 2025-02-20T11:15:21.750Z - [REQUEST]: package-lock.json
[NX Daemon Server] - 2025-02-20T11:15:21.750Z - [REQUEST]: 
[NX Daemon Server] - 2025-02-20T11:15:21.773Z - [REQUEST]: Responding to the client. handleHashGlob
[NX Daemon Server] - 2025-02-20T11:15:21.773Z - Done responding to the client handleHashGlob
[NX Daemon Server] - 2025-02-20T11:15:21.773Z - Handled HASH_GLOB. Handling time: 3. Response time: 0.
[NX Daemon Server] - 2025-02-20T11:15:21.773Z - Time taken for 'hash changed files from watcher' 0.3803329999791458ms
[NX Daemon Server] - 2025-02-20T11:15:21.775Z - [REQUEST]: Responding to the client. handleGlob
[NX Daemon Server] - 2025-02-20T11:15:21.775Z - Done responding to the client handleGlob
[NX Daemon Server] - 2025-02-20T11:15:21.775Z - Handled GLOB. Handling time: 1. Response time: 0.
[NX Daemon Server] - 2025-02-20T11:15:21.776Z - [REQUEST]: Responding to the client. handleHashGlob
[NX Daemon Server] - 2025-02-20T11:15:21.776Z - Done responding to the client handleHashGlob
[NX Daemon Server] - 2025-02-20T11:15:21.776Z - Handled HASH_GLOB. Handling time: 1. Response time: 0.
[NX Daemon Server] - 2025-02-20T11:15:21.777Z - [REQUEST]: Responding to the client. handleHashGlob
[NX Daemon Server] - 2025-02-20T11:15:21.777Z - Done responding to the client handleHashGlob
[NX Daemon Server] - 2025-02-20T11:15:21.777Z - Handled HASH_GLOB. Handling time: 1. Response time: 0.
[NX Daemon Server] - 2025-02-20T11:15:21.778Z - [REQUEST]: Responding to the client. handleHashGlob
[NX Daemon Server] - 2025-02-20T11:15:21.778Z - Done responding to the client handleHashGlob
[NX Daemon Server] - 2025-02-20T11:15:21.778Z - Handled HASH_GLOB. Handling time: 1. Response time: 0.
[NX Daemon Server] - 2025-02-20T11:15:21.779Z - [REQUEST]: Responding to the client. handleHashGlob
[NX Daemon Server] - 2025-02-20T11:15:21.779Z - Done responding to the client handleHashGlob
[NX Daemon Server] - 2025-02-20T11:15:21.779Z - Handled HASH_GLOB. Handling time: 0. Response time: 0.
[NX Daemon Server] - 2025-02-20T11:15:21.780Z - [REQUEST]: Responding to the client. handleHashGlob
[NX Daemon Server] - 2025-02-20T11:15:21.780Z - Done responding to the client handleHashGlob
[NX Daemon Server] - 2025-02-20T11:15:21.780Z - Handled HASH_GLOB. Handling time: 1. Response time: 0.
[NX Daemon Server] - 2025-02-20T11:15:21.780Z - [REQUEST]: Responding to the client. handleHashGlob
[NX Daemon Server] - 2025-02-20T11:15:21.780Z - Done responding to the client handleHashGlob
[NX Daemon Server] - 2025-02-20T11:15:21.780Z - Handled HASH_GLOB. Handling time: 0. Response time: 0.
[NX Daemon Server] - 2025-02-20T11:15:21.781Z - [REQUEST]: Responding to the client. handleHashGlob
[NX Daemon Server] - 2025-02-20T11:15:21.781Z - Done responding to the client handleHashGlob
[NX Daemon Server] - 2025-02-20T11:15:21.781Z - Handled HASH_GLOB. Handling time: 0. Response time: 0.
[NX Daemon Server] - 2025-02-20T11:15:21.781Z - [REQUEST]: Responding to the client. handleHashGlob
[NX Daemon Server] - 2025-02-20T11:15:21.781Z - Done responding to the client handleHashGlob
[NX Daemon Server] - 2025-02-20T11:15:21.782Z - Handled HASH_GLOB. Handling time: 0. Response time: 0.
[NX Daemon Server] - 2025-02-20T11:15:21.782Z - [REQUEST]: Responding to the client. handleHashGlob
[NX Daemon Server] - 2025-02-20T11:15:21.782Z - Done responding to the client handleHashGlob
[NX Daemon Server] - 2025-02-20T11:15:21.782Z - Handled HASH_GLOB. Handling time: 0. Response time: 0.
[NX Daemon Server] - 2025-02-20T11:15:21.783Z - [REQUEST]: Responding to the client. handleHashGlob
[NX Daemon Server] - 2025-02-20T11:15:21.783Z - Done responding to the client handleHashGlob
[NX Daemon Server] - 2025-02-20T11:15:21.783Z - Handled HASH_GLOB. Handling time: 0. Response time: 0.
[NX Daemon Server] - 2025-02-20T11:15:21.785Z - [REQUEST]: Responding to the client. handleHashGlob
[NX Daemon Server] - 2025-02-20T11:15:21.785Z - Done responding to the client handleHashGlob
[NX Daemon Server] - 2025-02-20T11:15:21.785Z - Handled HASH_GLOB. Handling time: 0. Response time: 0.
[NX Daemon Server] - 2025-02-20T11:15:21.786Z - [REQUEST]: Responding to the client. handleHashGlob
[NX Daemon Server] - 2025-02-20T11:15:21.786Z - Done responding to the client handleHashGlob
[NX Daemon Server] - 2025-02-20T11:15:21.786Z - Handled HASH_GLOB. Handling time: 1. Response time: 0.
[NX Daemon Server] - 2025-02-20T11:15:21.786Z - [REQUEST]: Responding to the client. handleHashGlob
[NX Daemon Server] - 2025-02-20T11:15:21.786Z - Done responding to the client handleHashGlob
[NX Daemon Server] - 2025-02-20T11:15:21.786Z - Handled HASH_GLOB. Handling time: 0. Response time: 0.
[NX Daemon Server] - 2025-02-20T11:15:21.787Z - [REQUEST]: Responding to the client. handleHashGlob
[NX Daemon Server] - 2025-02-20T11:15:21.787Z - Done responding to the client handleHashGlob
[NX Daemon Server] - 2025-02-20T11:15:21.787Z - Handled HASH_GLOB. Handling time: 0. Response time: 0.
[NX Daemon Server] - 2025-02-20T11:15:21.787Z - [REQUEST]: Responding to the client. handleHashGlob
[NX Daemon Server] - 2025-02-20T11:15:21.787Z - Done responding to the client handleHashGlob
[NX Daemon Server] - 2025-02-20T11:15:21.787Z - Handled HASH_GLOB. Handling time: 0. Response time: 0.
[NX Daemon Server] - 2025-02-20T11:15:21.792Z - Time taken for 'build-project-configs' 27.277958999969997ms
[NX Daemon Server] - 2025-02-20T11:15:21.815Z - [SYNC]: collect registered sync generators
[NX Daemon Server] - 2025-02-20T11:15:21.815Z - [SYNC]: project graph hash is the same, not collecting task sync generators
[NX Daemon Server] - 2025-02-20T11:15:21.815Z - [SYNC]: nx.json hash is the same, not collecting global sync generators
[NX Daemon Server] - 2025-02-20T11:15:21.815Z - Time taken for 'total execution time for createProjectGraph()' 18.11041700001806ms
[NX Daemon Server] - 2025-02-20T11:15:22.138Z - [REQUEST]: Client Request for Project Graph Received
[NX Daemon Server] - 2025-02-20T11:15:22.139Z - [REQUEST]: Responding to the client. project-graph
[NX Daemon Server] - 2025-02-20T11:15:22.139Z - Time taken for 'total for creating and serializing project graph' 0.16308399999979883ms
[NX Daemon Server] - 2025-02-20T11:15:22.140Z - Done responding to the client project-graph
[NX Daemon Server] - 2025-02-20T11:15:22.140Z - Handled REQUEST_PROJECT_GRAPH. Handling time: 1. Response time: 1.
[NX Daemon Server] - 2025-02-20T11:15:22.639Z - Established a connection. Number of open connections: 14
[NX Daemon Server] - 2025-02-20T11:15:22.641Z - [REQUEST]: Client Request for Project Graph Received
[NX Daemon Server] - 2025-02-20T11:15:22.641Z - [REQUEST]: Responding to the client. project-graph
[NX Daemon Server] - 2025-02-20T11:15:22.641Z - Time taken for 'total for creating and serializing project graph' 0.11833299999125302ms
[NX Daemon Server] - 2025-02-20T11:15:22.641Z - Closed a connection. Number of open connections: 13
[NX Daemon Server] - 2025-02-20T11:15:22.642Z - Done responding to the client project-graph
[NX Daemon Server] - 2025-02-20T11:15:22.642Z - Handled REQUEST_PROJECT_GRAPH. Handling time: 0. Response time: 1.
[NX Daemon Server] - 2025-02-20T11:15:22.645Z - [REQUEST]: Responding to the client. handleContextFileData
[NX Daemon Server] - 2025-02-20T11:15:22.645Z - Done responding to the client handleContextFileData
[NX Daemon Server] - 2025-02-20T11:15:22.645Z - Handled GET_CONTEXT_FILE_DATA. Handling time: 0. Response time: 0.
[NX Daemon Server] - 2025-02-20T11:15:22.646Z - Closed a connection. Number of open connections: 12
[NX Daemon Server] - 2025-02-20T11:15:22.678Z - Closed a connection. Number of open connections: 11
[NX Daemon Server] - 2025-02-20T11:15:22.678Z - Established a connection. Number of open connections: 12
[NX Daemon Server] - 2025-02-20T11:15:22.678Z - Established a connection. Number of open connections: 13
[NX Daemon Server] - 2025-02-20T11:15:22.678Z - Closed a connection. Number of open connections: 12
[NX Daemon Server] - 2025-02-20T11:15:22.679Z - [REQUEST]: Client Request for Project Graph Received
[NX Daemon Server] - 2025-02-20T11:15:22.679Z - [REQUEST]: Responding to the client. project-graph
[NX Daemon Server] - 2025-02-20T11:15:22.679Z - Time taken for 'total for creating and serializing project graph' 0.10562499996740371ms
[NX Daemon Server] - 2025-02-20T11:15:22.680Z - Done responding to the client project-graph
[NX Daemon Server] - 2025-02-20T11:15:22.680Z - Handled REQUEST_PROJECT_GRAPH. Handling time: 0. Response time: 1.
[NX Daemon Server] - 2025-02-20T11:15:22.683Z - [REQUEST]: Client Request for Project Graph Received
[NX Daemon Server] - 2025-02-20T11:15:22.683Z - [REQUEST]: Responding to the client. project-graph
[NX Daemon Server] - 2025-02-20T11:15:22.683Z - Time taken for 'total for creating and serializing project graph' 0.133166000014171ms
[NX Daemon Server] - 2025-02-20T11:15:22.684Z - Done responding to the client project-graph
[NX Daemon Server] - 2025-02-20T11:15:22.684Z - Handled REQUEST_PROJECT_GRAPH. Handling time: 0. Response time: 1.
[NX Daemon Server] - 2025-02-20T11:15:22.687Z - Established a connection. Number of open connections: 13
[NX Daemon Server] - 2025-02-20T11:15:23.167Z - Closed a connection. Number of open connections: 12
[NX Daemon Server] - 2025-02-20T11:15:23.226Z - [WATCHER]: 0 file(s) created or restored, 3 file(s) modified, 0 file(s) deleted
[NX Daemon Server] - 2025-02-20T11:15:23.226Z - [REQUEST]: Responding to the client. File watch changed
[NX Daemon Server] - 2025-02-20T11:15:23.226Z - [REQUEST]: Responding to the client. File watch changed
[NX Daemon Server] - 2025-02-20T11:15:23.226Z - Done responding to the client File watch changed
[NX Daemon Server] - 2025-02-20T11:15:23.226Z - Done responding to the client File watch changed
[NX Daemon Server] - 2025-02-20T11:15:23.226Z - Handled FILE-WATCH-CHANGED. Handling time: 0. Response time: 0.
[NX Daemon Server] - 2025-02-20T11:15:23.226Z - Handled FILE-WATCH-CHANGED. Handling time: 0. Response time: 0.
[NX Daemon Server] - 2025-02-20T11:15:23.226Z - [WATCHER]: Processing file changes in outputs
[NX Daemon Server] - 2025-02-20T11:15:23.226Z - Time taken for 'changed-projects' 0.04316599993035197ms
[NX Daemon Server] - 2025-02-20T11:15:23.326Z - [REQUEST]: Updated workspace context based on watched changes, recomputing project graph...
[NX Daemon Server] - 2025-02-20T11:15:23.327Z - [REQUEST]: apps/admin/src/styles.scss,apps/admin/src/app/app.config.ts,apps/admin/src/index.html
[NX Daemon Server] - 2025-02-20T11:15:23.327Z - [REQUEST]: 
[NX Daemon Server] - 2025-02-20T11:15:23.333Z - [REQUEST]: Responding to the client. handleHashGlob
[NX Daemon Server] - 2025-02-20T11:15:23.333Z - Done responding to the client handleHashGlob
[NX Daemon Server] - 2025-02-20T11:15:23.333Z - Handled HASH_GLOB. Handling time: 0. Response time: 0.
[NX Daemon Server] - 2025-02-20T11:15:23.334Z - [REQUEST]: Responding to the client. handleGlob
[NX Daemon Server] - 2025-02-20T11:15:23.334Z - Done responding to the client handleGlob
[NX Daemon Server] - 2025-02-20T11:15:23.334Z - Handled GLOB. Handling time: 0. Response time: 0.
[NX Daemon Server] - 2025-02-20T11:15:23.335Z - [REQUEST]: Responding to the client. handleHashGlob
[NX Daemon Server] - 2025-02-20T11:15:23.335Z - Done responding to the client handleHashGlob
[NX Daemon Server] - 2025-02-20T11:15:23.335Z - Handled HASH_GLOB. Handling time: 1. Response time: 0.
[NX Daemon Server] - 2025-02-20T11:15:23.335Z - Time taken for 'hash changed files from watcher' 0.33179200009908527ms
[NX Daemon Server] - 2025-02-20T11:15:23.335Z - [REQUEST]: Responding to the client. handleHashGlob
[NX Daemon Server] - 2025-02-20T11:15:23.335Z - Done responding to the client handleHashGlob
[NX Daemon Server] - 2025-02-20T11:15:23.335Z - Handled HASH_GLOB. Handling time: 0. Response time: 0.
[NX Daemon Server] - 2025-02-20T11:15:23.336Z - [REQUEST]: Responding to the client. handleHashGlob
[NX Daemon Server] - 2025-02-20T11:15:23.336Z - Done responding to the client handleHashGlob
[NX Daemon Server] - 2025-02-20T11:15:23.336Z - Handled HASH_GLOB. Handling time: 0. Response time: 0.
[NX Daemon Server] - 2025-02-20T11:15:23.337Z - [REQUEST]: Responding to the client. handleHashGlob
[NX Daemon Server] - 2025-02-20T11:15:23.337Z - Done responding to the client handleHashGlob
[NX Daemon Server] - 2025-02-20T11:15:23.337Z - Handled HASH_GLOB. Handling time: 0. Response time: 0.
[NX Daemon Server] - 2025-02-20T11:15:23.338Z - [REQUEST]: Responding to the client. handleHashGlob
[NX Daemon Server] - 2025-02-20T11:15:23.338Z - Done responding to the client handleHashGlob
[NX Daemon Server] - 2025-02-20T11:15:23.338Z - Handled HASH_GLOB. Handling time: 0. Response time: 0.
[NX Daemon Server] - 2025-02-20T11:15:23.339Z - [REQUEST]: Responding to the client. handleHashGlob
[NX Daemon Server] - 2025-02-20T11:15:23.339Z - Done responding to the client handleHashGlob
[NX Daemon Server] - 2025-02-20T11:15:23.339Z - Handled HASH_GLOB. Handling time: 0. Response time: 0.
[NX Daemon Server] - 2025-02-20T11:15:23.340Z - [REQUEST]: Responding to the client. handleHashGlob
[NX Daemon Server] - 2025-02-20T11:15:23.341Z - Done responding to the client handleHashGlob
[NX Daemon Server] - 2025-02-20T11:15:23.341Z - Handled HASH_GLOB. Handling time: 0. Response time: 1.
[NX Daemon Server] - 2025-02-20T11:15:23.359Z - [REQUEST]: Responding to the client. handleHashGlob
[NX Daemon Server] - 2025-02-20T11:15:23.359Z - Done responding to the client handleHashGlob
[NX Daemon Server] - 2025-02-20T11:15:23.359Z - Handled HASH_GLOB. Handling time: 1. Response time: 0.
[NX Daemon Server] - 2025-02-20T11:15:23.360Z - [REQUEST]: Responding to the client. handleHashGlob
[NX Daemon Server] - 2025-02-20T11:15:23.360Z - Done responding to the client handleHashGlob
[NX Daemon Server] - 2025-02-20T11:15:23.360Z - Handled HASH_GLOB. Handling time: 1. Response time: 0.
[NX Daemon Server] - 2025-02-20T11:15:23.369Z - [REQUEST]: Responding to the client. handleHashGlob
[NX Daemon Server] - 2025-02-20T11:15:23.369Z - Done responding to the client handleHashGlob
[NX Daemon Server] - 2025-02-20T11:15:23.369Z - Handled HASH_GLOB. Handling time: 0. Response time: 0.
[NX Daemon Server] - 2025-02-20T11:15:23.370Z - [REQUEST]: Responding to the client. handleHashGlob
[NX Daemon Server] - 2025-02-20T11:15:23.370Z - Done responding to the client handleHashGlob
[NX Daemon Server] - 2025-02-20T11:15:23.370Z - Handled HASH_GLOB. Handling time: 0. Response time: 0.
[NX Daemon Server] - 2025-02-20T11:15:23.371Z - [REQUEST]: Responding to the client. handleHashGlob
[NX Daemon Server] - 2025-02-20T11:15:23.371Z - Done responding to the client handleHashGlob
[NX Daemon Server] - 2025-02-20T11:15:23.371Z - Handled HASH_GLOB. Handling time: 1. Response time: 0.
[NX Daemon Server] - 2025-02-20T11:15:23.371Z - [REQUEST]: Responding to the client. handleHashGlob
[NX Daemon Server] - 2025-02-20T11:15:23.371Z - Done responding to the client handleHashGlob
[NX Daemon Server] - 2025-02-20T11:15:23.371Z - Handled HASH_GLOB. Handling time: 0. Response time: 0.
[NX Daemon Server] - 2025-02-20T11:15:23.372Z - [REQUEST]: Responding to the client. handleHashGlob
[NX Daemon Server] - 2025-02-20T11:15:23.372Z - Done responding to the client handleHashGlob
[NX Daemon Server] - 2025-02-20T11:15:23.372Z - Handled HASH_GLOB. Handling time: 1. Response time: 0.
[NX Daemon Server] - 2025-02-20T11:15:23.372Z - [REQUEST]: Responding to the client. handleHashGlob
[NX Daemon Server] - 2025-02-20T11:15:23.372Z - Done responding to the client handleHashGlob
[NX Daemon Server] - 2025-02-20T11:15:23.372Z - Handled HASH_GLOB. Handling time: 0. Response time: 0.
[NX Daemon Server] - 2025-02-20T11:15:23.377Z - Time taken for 'build-project-configs' 46.29845799994655ms
[NX Daemon Server] - 2025-02-20T11:15:23.402Z - [SYNC]: collect registered sync generators
[NX Daemon Server] - 2025-02-20T11:15:23.402Z - [SYNC]: project graph hash is the same, not collecting task sync generators
[NX Daemon Server] - 2025-02-20T11:15:23.402Z - [SYNC]: nx.json hash is the same, not collecting global sync generators
[NX Daemon Server] - 2025-02-20T11:15:23.402Z - Time taken for 'total execution time for createProjectGraph()' 20.76729200000409ms
[NX Daemon Server] - 2025-02-20T11:15:23.728Z - [REQUEST]: Client Request for Project Graph Received
[NX Daemon Server] - 2025-02-20T11:15:23.728Z - [REQUEST]: Responding to the client. project-graph
[NX Daemon Server] - 2025-02-20T11:15:23.729Z - Time taken for 'total for creating and serializing project graph' 0.1874160000588745ms
[NX Daemon Server] - 2025-02-20T11:15:23.730Z - Done responding to the client project-graph
[NX Daemon Server] - 2025-02-20T11:15:23.730Z - Handled REQUEST_PROJECT_GRAPH. Handling time: 0. Response time: 2.
[NX Daemon Server] - 2025-02-20T11:15:24.228Z - Established a connection. Number of open connections: 13
[NX Daemon Server] - 2025-02-20T11:15:24.229Z - [REQUEST]: Client Request for Project Graph Received
[NX Daemon Server] - 2025-02-20T11:15:24.229Z - [REQUEST]: Responding to the client. project-graph
[NX Daemon Server] - 2025-02-20T11:15:24.229Z - Time taken for 'total for creating and serializing project graph' 0.12904200004413724ms
[NX Daemon Server] - 2025-02-20T11:15:24.229Z - Closed a connection. Number of open connections: 12
[NX Daemon Server] - 2025-02-20T11:15:24.230Z - Done responding to the client project-graph
[NX Daemon Server] - 2025-02-20T11:15:24.230Z - Handled REQUEST_PROJECT_GRAPH. Handling time: 0. Response time: 1.
[NX Daemon Server] - 2025-02-20T11:15:24.234Z - [REQUEST]: Responding to the client. handleContextFileData
[NX Daemon Server] - 2025-02-20T11:15:24.234Z - Done responding to the client handleContextFileData
[NX Daemon Server] - 2025-02-20T11:15:24.234Z - Handled GET_CONTEXT_FILE_DATA. Handling time: 1. Response time: 0.
[NX Daemon Server] - 2025-02-20T11:15:24.235Z - Closed a connection. Number of open connections: 11
[NX Daemon Server] - 2025-02-20T11:15:24.271Z - Closed a connection. Number of open connections: 10
[NX Daemon Server] - 2025-02-20T11:15:24.272Z - Established a connection. Number of open connections: 11
[NX Daemon Server] - 2025-02-20T11:15:24.272Z - Established a connection. Number of open connections: 12
[NX Daemon Server] - 2025-02-20T11:15:24.272Z - Closed a connection. Number of open connections: 11
[NX Daemon Server] - 2025-02-20T11:15:24.273Z - [REQUEST]: Client Request for Project Graph Received
[NX Daemon Server] - 2025-02-20T11:15:24.273Z - [REQUEST]: Responding to the client. project-graph
[NX Daemon Server] - 2025-02-20T11:15:24.273Z - Time taken for 'total for creating and serializing project graph' 0.12075000000186265ms
[NX Daemon Server] - 2025-02-20T11:15:24.274Z - Done responding to the client project-graph
[NX Daemon Server] - 2025-02-20T11:15:24.274Z - Handled REQUEST_PROJECT_GRAPH. Handling time: 0. Response time: 1.
[NX Daemon Server] - 2025-02-20T11:15:24.277Z - [REQUEST]: Client Request for Project Graph Received
[NX Daemon Server] - 2025-02-20T11:15:24.277Z - [REQUEST]: Responding to the client. project-graph
[NX Daemon Server] - 2025-02-20T11:15:24.277Z - Time taken for 'total for creating and serializing project graph' 0.14629100007005036ms
[NX Daemon Server] - 2025-02-20T11:15:24.278Z - Done responding to the client project-graph
[NX Daemon Server] - 2025-02-20T11:15:24.278Z - Handled REQUEST_PROJECT_GRAPH. Handling time: 0. Response time: 1.
[NX Daemon Server] - 2025-02-20T11:15:24.281Z - Established a connection. Number of open connections: 12
[NX Daemon Server] - 2025-02-20T11:15:25.077Z - [WATCHER]: Processing file changes in outputs
[NX Daemon Server] - 2025-02-20T11:15:25.510Z - [WATCHER]: Processing file changes in outputs
[NX Daemon Server] - 2025-02-20T11:15:26.803Z - [WATCHER]: Processing file changes in outputs
[NX Daemon Server] - 2025-02-20T11:15:46.746Z - [WATCHER]: package.json was modified
[NX Daemon Server] - 2025-02-20T11:15:46.747Z - [REQUEST]: Responding to the client. File watch changed
[NX Daemon Server] - 2025-02-20T11:15:46.747Z - [REQUEST]: Responding to the client. File watch changed
[NX Daemon Server] - 2025-02-20T11:15:46.747Z - Done responding to the client File watch changed
[NX Daemon Server] - 2025-02-20T11:15:46.747Z - Done responding to the client File watch changed
[NX Daemon Server] - 2025-02-20T11:15:46.747Z - Handled FILE-WATCH-CHANGED. Handling time: 0. Response time: 0.
[NX Daemon Server] - 2025-02-20T11:15:46.747Z - Handled FILE-WATCH-CHANGED. Handling time: 0. Response time: 0.
[NX Daemon Server] - 2025-02-20T11:15:46.747Z - [WATCHER]: Processing file changes in outputs
[NX Daemon Server] - 2025-02-20T11:15:46.747Z - Time taken for 'changed-projects' 0.09483299998100847ms
[NX Daemon Server] - 2025-02-20T11:15:46.849Z - [REQUEST]: Updated workspace context based on watched changes, recomputing project graph...
[NX Daemon Server] - 2025-02-20T11:15:46.849Z - [REQUEST]: package.json
[NX Daemon Server] - 2025-02-20T11:15:46.849Z - [REQUEST]: 
[NX Daemon Server] - 2025-02-20T11:15:46.855Z - [REQUEST]: Responding to the client. handleHashGlob
[NX Daemon Server] - 2025-02-20T11:15:46.855Z - Done responding to the client handleHashGlob
[NX Daemon Server] - 2025-02-20T11:15:46.855Z - Handled HASH_GLOB. Handling time: 0. Response time: 0.
[NX Daemon Server] - 2025-02-20T11:15:46.855Z - Time taken for 'hash changed files from watcher' 0.22283299989067018ms
[NX Daemon Server] - 2025-02-20T11:15:46.856Z - [REQUEST]: Responding to the client. handleGlob
[NX Daemon Server] - 2025-02-20T11:15:46.856Z - Done responding to the client handleGlob
[NX Daemon Server] - 2025-02-20T11:15:46.856Z - Handled GLOB. Handling time: 0. Response time: 0.
[NX Daemon Server] - 2025-02-20T11:15:46.857Z - [REQUEST]: Responding to the client. handleHashGlob
[NX Daemon Server] - 2025-02-20T11:15:46.857Z - Done responding to the client handleHashGlob
[NX Daemon Server] - 2025-02-20T11:15:46.857Z - Handled HASH_GLOB. Handling time: 0. Response time: 0.
[NX Daemon Server] - 2025-02-20T11:15:46.858Z - [REQUEST]: Responding to the client. handleHashGlob
[NX Daemon Server] - 2025-02-20T11:15:46.858Z - Done responding to the client handleHashGlob
[NX Daemon Server] - 2025-02-20T11:15:46.858Z - Handled HASH_GLOB. Handling time: 1. Response time: 0.
[NX Daemon Server] - 2025-02-20T11:15:46.858Z - [REQUEST]: Responding to the client. handleHashGlob
[NX Daemon Server] - 2025-02-20T11:15:46.858Z - Done responding to the client handleHashGlob
[NX Daemon Server] - 2025-02-20T11:15:46.858Z - Handled HASH_GLOB. Handling time: 0. Response time: 0.
[NX Daemon Server] - 2025-02-20T11:15:46.859Z - [REQUEST]: Responding to the client. handleHashGlob
[NX Daemon Server] - 2025-02-20T11:15:46.859Z - Done responding to the client handleHashGlob
[NX Daemon Server] - 2025-02-20T11:15:46.859Z - Handled HASH_GLOB. Handling time: 0. Response time: 0.
[NX Daemon Server] - 2025-02-20T11:15:46.860Z - [REQUEST]: Responding to the client. handleHashGlob
[NX Daemon Server] - 2025-02-20T11:15:46.860Z - Done responding to the client handleHashGlob
[NX Daemon Server] - 2025-02-20T11:15:46.860Z - Handled HASH_GLOB. Handling time: 0. Response time: 0.
[NX Daemon Server] - 2025-02-20T11:15:46.861Z - [REQUEST]: Responding to the client. handleHashGlob
[NX Daemon Server] - 2025-02-20T11:15:46.861Z - Done responding to the client handleHashGlob
[NX Daemon Server] - 2025-02-20T11:15:46.861Z - Handled HASH_GLOB. Handling time: 1. Response time: 0.
[NX Daemon Server] - 2025-02-20T11:15:46.862Z - [REQUEST]: Responding to the client. handleHashGlob
[NX Daemon Server] - 2025-02-20T11:15:46.862Z - Done responding to the client handleHashGlob
[NX Daemon Server] - 2025-02-20T11:15:46.862Z - Handled HASH_GLOB. Handling time: 1. Response time: 0.
[NX Daemon Server] - 2025-02-20T11:15:46.862Z - [REQUEST]: Responding to the client. handleHashGlob
[NX Daemon Server] - 2025-02-20T11:15:46.863Z - Done responding to the client handleHashGlob
[NX Daemon Server] - 2025-02-20T11:15:46.863Z - Handled HASH_GLOB. Handling time: 0. Response time: 1.
[NX Daemon Server] - 2025-02-20T11:15:46.863Z - [REQUEST]: Responding to the client. handleHashGlob
[NX Daemon Server] - 2025-02-20T11:15:46.863Z - Done responding to the client handleHashGlob
[NX Daemon Server] - 2025-02-20T11:15:46.863Z - Handled HASH_GLOB. Handling time: 0. Response time: 0.
[NX Daemon Server] - 2025-02-20T11:15:46.874Z - [REQUEST]: Responding to the client. handleHashGlob
[NX Daemon Server] - 2025-02-20T11:15:46.874Z - Done responding to the client handleHashGlob
[NX Daemon Server] - 2025-02-20T11:15:46.874Z - Handled HASH_GLOB. Handling time: 1. Response time: 0.
[NX Daemon Server] - 2025-02-20T11:15:46.874Z - [REQUEST]: Responding to the client. handleHashGlob
[NX Daemon Server] - 2025-02-20T11:15:46.874Z - Done responding to the client handleHashGlob
[NX Daemon Server] - 2025-02-20T11:15:46.874Z - Handled HASH_GLOB. Handling time: 0. Response time: 0.
[NX Daemon Server] - 2025-02-20T11:15:46.875Z - [REQUEST]: Responding to the client. handleHashGlob
[NX Daemon Server] - 2025-02-20T11:15:46.875Z - Done responding to the client handleHashGlob
[NX Daemon Server] - 2025-02-20T11:15:46.875Z - Handled HASH_GLOB. Handling time: 0. Response time: 0.
[NX Daemon Server] - 2025-02-20T11:15:46.876Z - [REQUEST]: Responding to the client. handleHashGlob
[NX Daemon Server] - 2025-02-20T11:15:46.876Z - Done responding to the client handleHashGlob
[NX Daemon Server] - 2025-02-20T11:15:46.876Z - Handled HASH_GLOB. Handling time: 0. Response time: 0.
[NX Daemon Server] - 2025-02-20T11:15:46.877Z - [REQUEST]: Responding to the client. handleHashGlob
[NX Daemon Server] - 2025-02-20T11:15:46.877Z - Done responding to the client handleHashGlob
[NX Daemon Server] - 2025-02-20T11:15:46.877Z - Handled HASH_GLOB. Handling time: 0. Response time: 0.
[NX Daemon Server] - 2025-02-20T11:15:46.878Z - [REQUEST]: Responding to the client. handleHashGlob
[NX Daemon Server] - 2025-02-20T11:15:46.878Z - Done responding to the client handleHashGlob
[NX Daemon Server] - 2025-02-20T11:15:46.878Z - Handled HASH_GLOB. Handling time: 1. Response time: 0.
[NX Daemon Server] - 2025-02-20T11:15:46.882Z - Time taken for 'build-project-configs' 29.49358399992343ms
[NX Daemon Server] - 2025-02-20T11:15:46.932Z - [SYNC]: collect registered sync generators
[NX Daemon Server] - 2025-02-20T11:15:46.932Z - [SYNC]: project graph hash is the same, not collecting task sync generators
[NX Daemon Server] - 2025-02-20T11:15:46.932Z - [SYNC]: nx.json hash is the same, not collecting global sync generators
[NX Daemon Server] - 2025-02-20T11:15:46.932Z - Time taken for 'total execution time for createProjectGraph()' 45.60616700001992ms
[NX Daemon Server] - 2025-02-20T11:15:47.249Z - [REQUEST]: Client Request for Project Graph Received
[NX Daemon Server] - 2025-02-20T11:15:47.249Z - [REQUEST]: Responding to the client. project-graph
[NX Daemon Server] - 2025-02-20T11:15:47.250Z - Time taken for 'total for creating and serializing project graph' 0.19050000002607703ms
[NX Daemon Server] - 2025-02-20T11:15:47.251Z - Done responding to the client project-graph
[NX Daemon Server] - 2025-02-20T11:15:47.251Z - Handled REQUEST_PROJECT_GRAPH. Handling time: 0. Response time: 2.
[NX Daemon Server] - 2025-02-20T11:15:47.749Z - Established a connection. Number of open connections: 13
[NX Daemon Server] - 2025-02-20T11:15:47.750Z - [REQUEST]: Client Request for Project Graph Received
[NX Daemon Server] - 2025-02-20T11:15:47.750Z - [REQUEST]: Responding to the client. project-graph
[NX Daemon Server] - 2025-02-20T11:15:47.751Z - Time taken for 'total for creating and serializing project graph' 0.18395900004543364ms
[NX Daemon Server] - 2025-02-20T11:15:47.751Z - Closed a connection. Number of open connections: 12
[NX Daemon Server] - 2025-02-20T11:15:47.752Z - Done responding to the client project-graph
[NX Daemon Server] - 2025-02-20T11:15:47.752Z - Handled REQUEST_PROJECT_GRAPH. Handling time: 0. Response time: 2.
[NX Daemon Server] - 2025-02-20T11:15:47.757Z - [REQUEST]: Responding to the client. handleContextFileData
[NX Daemon Server] - 2025-02-20T11:15:47.757Z - Done responding to the client handleContextFileData
[NX Daemon Server] - 2025-02-20T11:15:47.757Z - Handled GET_CONTEXT_FILE_DATA. Handling time: 0. Response time: 0.
[NX Daemon Server] - 2025-02-20T11:15:47.758Z - Closed a connection. Number of open connections: 11
[NX Daemon Server] - 2025-02-20T11:15:47.798Z - Closed a connection. Number of open connections: 10
[NX Daemon Server] - 2025-02-20T11:15:47.799Z - Established a connection. Number of open connections: 11
[NX Daemon Server] - 2025-02-20T11:15:47.799Z - Established a connection. Number of open connections: 12
[NX Daemon Server] - 2025-02-20T11:15:47.799Z - Closed a connection. Number of open connections: 11
[NX Daemon Server] - 2025-02-20T11:15:47.799Z - [REQUEST]: Client Request for Project Graph Received
[NX Daemon Server] - 2025-02-20T11:15:47.799Z - [REQUEST]: Responding to the client. project-graph
[NX Daemon Server] - 2025-02-20T11:15:47.800Z - Time taken for 'total for creating and serializing project graph' 0.10987499996554106ms
[NX Daemon Server] - 2025-02-20T11:15:47.801Z - Done responding to the client project-graph
[NX Daemon Server] - 2025-02-20T11:15:47.801Z - Handled REQUEST_PROJECT_GRAPH. Handling time: 0. Response time: 2.
[NX Daemon Server] - 2025-02-20T11:15:47.803Z - [REQUEST]: Client Request for Project Graph Received
[NX Daemon Server] - 2025-02-20T11:15:47.803Z - [REQUEST]: Responding to the client. project-graph
[NX Daemon Server] - 2025-02-20T11:15:47.804Z - Time taken for 'total for creating and serializing project graph' 0.09966700000222772ms
[NX Daemon Server] - 2025-02-20T11:15:47.805Z - Done responding to the client project-graph
[NX Daemon Server] - 2025-02-20T11:15:47.805Z - Handled REQUEST_PROJECT_GRAPH. Handling time: 0. Response time: 2.
[NX Daemon Server] - 2025-02-20T11:15:47.807Z - Established a connection. Number of open connections: 12
[NX Daemon Server] - 2025-02-20T11:15:48.155Z - [WATCHER]: package.json was modified
[NX Daemon Server] - 2025-02-20T11:15:48.155Z - [REQUEST]: Responding to the client. File watch changed
[NX Daemon Server] - 2025-02-20T11:15:48.155Z - [REQUEST]: Responding to the client. File watch changed
[NX Daemon Server] - 2025-02-20T11:15:48.155Z - Done responding to the client File watch changed
[NX Daemon Server] - 2025-02-20T11:15:48.155Z - Done responding to the client File watch changed
[NX Daemon Server] - 2025-02-20T11:15:48.155Z - Handled FILE-WATCH-CHANGED. Handling time: 0. Response time: 0.
[NX Daemon Server] - 2025-02-20T11:15:48.155Z - Handled FILE-WATCH-CHANGED. Handling time: 0. Response time: 0.
[NX Daemon Server] - 2025-02-20T11:15:48.155Z - [WATCHER]: Processing file changes in outputs
[NX Daemon Server] - 2025-02-20T11:15:48.155Z - Time taken for 'changed-projects' 0.036124999984167516ms
[NX Daemon Server] - 2025-02-20T11:15:48.256Z - [REQUEST]: Updated workspace context based on watched changes, recomputing project graph...
[NX Daemon Server] - 2025-02-20T11:15:48.256Z - [REQUEST]: package.json
[NX Daemon Server] - 2025-02-20T11:15:48.256Z - [REQUEST]: 
[NX Daemon Server] - 2025-02-20T11:15:48.261Z - [REQUEST]: Responding to the client. handleHashGlob
[NX Daemon Server] - 2025-02-20T11:15:48.261Z - Done responding to the client handleHashGlob
[NX Daemon Server] - 2025-02-20T11:15:48.261Z - Handled HASH_GLOB. Handling time: 0. Response time: 0.
[NX Daemon Server] - 2025-02-20T11:15:48.262Z - [REQUEST]: Responding to the client. handleGlob
[NX Daemon Server] - 2025-02-20T11:15:48.262Z - Done responding to the client handleGlob
[NX Daemon Server] - 2025-02-20T11:15:48.262Z - Handled GLOB. Handling time: 0. Response time: 0.
[NX Daemon Server] - 2025-02-20T11:15:48.263Z - [REQUEST]: Responding to the client. handleHashGlob
[NX Daemon Server] - 2025-02-20T11:15:48.263Z - Done responding to the client handleHashGlob
[NX Daemon Server] - 2025-02-20T11:15:48.263Z - Handled HASH_GLOB. Handling time: 1. Response time: 0.
[NX Daemon Server] - 2025-02-20T11:15:48.263Z - Time taken for 'hash changed files from watcher' 0.16562500002328306ms
[NX Daemon Server] - 2025-02-20T11:15:48.263Z - [REQUEST]: Responding to the client. handleHashGlob
[NX Daemon Server] - 2025-02-20T11:15:48.263Z - Done responding to the client handleHashGlob
[NX Daemon Server] - 2025-02-20T11:15:48.263Z - Handled HASH_GLOB. Handling time: 0. Response time: 0.
[NX Daemon Server] - 2025-02-20T11:15:48.264Z - [REQUEST]: Responding to the client. handleHashGlob
[NX Daemon Server] - 2025-02-20T11:15:48.264Z - Done responding to the client handleHashGlob
[NX Daemon Server] - 2025-02-20T11:15:48.264Z - Handled HASH_GLOB. Handling time: 0. Response time: 0.
[NX Daemon Server] - 2025-02-20T11:15:48.265Z - [REQUEST]: Responding to the client. handleHashGlob
[NX Daemon Server] - 2025-02-20T11:15:48.265Z - Done responding to the client handleHashGlob
[NX Daemon Server] - 2025-02-20T11:15:48.265Z - Handled HASH_GLOB. Handling time: 0. Response time: 0.
[NX Daemon Server] - 2025-02-20T11:15:48.266Z - [REQUEST]: Responding to the client. handleHashGlob
[NX Daemon Server] - 2025-02-20T11:15:48.266Z - Done responding to the client handleHashGlob
[NX Daemon Server] - 2025-02-20T11:15:48.266Z - Handled HASH_GLOB. Handling time: 1. Response time: 0.
[NX Daemon Server] - 2025-02-20T11:15:48.266Z - [REQUEST]: Responding to the client. handleHashGlob
[NX Daemon Server] - 2025-02-20T11:15:48.266Z - Done responding to the client handleHashGlob
[NX Daemon Server] - 2025-02-20T11:15:48.266Z - Handled HASH_GLOB. Handling time: 0. Response time: 0.
[NX Daemon Server] - 2025-02-20T11:15:48.267Z - [REQUEST]: Responding to the client. handleHashGlob
[NX Daemon Server] - 2025-02-20T11:15:48.267Z - Done responding to the client handleHashGlob
[NX Daemon Server] - 2025-02-20T11:15:48.267Z - Handled HASH_GLOB. Handling time: 0. Response time: 0.
[NX Daemon Server] - 2025-02-20T11:15:48.268Z - [REQUEST]: Responding to the client. handleHashGlob
[NX Daemon Server] - 2025-02-20T11:15:48.268Z - Done responding to the client handleHashGlob
[NX Daemon Server] - 2025-02-20T11:15:48.268Z - Handled HASH_GLOB. Handling time: 1. Response time: 0.
[NX Daemon Server] - 2025-02-20T11:15:48.268Z - [REQUEST]: Responding to the client. handleHashGlob
[NX Daemon Server] - 2025-02-20T11:15:48.268Z - Done responding to the client handleHashGlob
[NX Daemon Server] - 2025-02-20T11:15:48.268Z - Handled HASH_GLOB. Handling time: 0. Response time: 0.
[NX Daemon Server] - 2025-02-20T11:15:48.269Z - [REQUEST]: Responding to the client. handleHashGlob
[NX Daemon Server] - 2025-02-20T11:15:48.269Z - Done responding to the client handleHashGlob
[NX Daemon Server] - 2025-02-20T11:15:48.269Z - Handled HASH_GLOB. Handling time: 0. Response time: 0.
[NX Daemon Server] - 2025-02-20T11:15:48.269Z - [REQUEST]: Responding to the client. handleHashGlob
[NX Daemon Server] - 2025-02-20T11:15:48.269Z - Done responding to the client handleHashGlob
[NX Daemon Server] - 2025-02-20T11:15:48.269Z - Handled HASH_GLOB. Handling time: 0. Response time: 0.
[NX Daemon Server] - 2025-02-20T11:15:48.270Z - [REQUEST]: Responding to the client. handleHashGlob
[NX Daemon Server] - 2025-02-20T11:15:48.270Z - Done responding to the client handleHashGlob
[NX Daemon Server] - 2025-02-20T11:15:48.270Z - Handled HASH_GLOB. Handling time: 0. Response time: 0.
[NX Daemon Server] - 2025-02-20T11:15:48.271Z - [REQUEST]: Responding to the client. handleHashGlob
[NX Daemon Server] - 2025-02-20T11:15:48.271Z - Done responding to the client handleHashGlob
[NX Daemon Server] - 2025-02-20T11:15:48.271Z - Handled HASH_GLOB. Handling time: 1. Response time: 0.
[NX Daemon Server] - 2025-02-20T11:15:48.271Z - [REQUEST]: Responding to the client. handleHashGlob
[NX Daemon Server] - 2025-02-20T11:15:48.271Z - Done responding to the client handleHashGlob
[NX Daemon Server] - 2025-02-20T11:15:48.271Z - Handled HASH_GLOB. Handling time: 0. Response time: 0.
[NX Daemon Server] - 2025-02-20T11:15:48.272Z - [REQUEST]: Responding to the client. handleHashGlob
[NX Daemon Server] - 2025-02-20T11:15:48.272Z - Done responding to the client handleHashGlob
[NX Daemon Server] - 2025-02-20T11:15:48.272Z - Handled HASH_GLOB. Handling time: 1. Response time: 0.
[NX Daemon Server] - 2025-02-20T11:15:48.277Z - Time taken for 'build-project-configs' 17.187208999996074ms
[NX Daemon Server] - 2025-02-20T11:15:48.304Z - [SYNC]: collect registered sync generators
[NX Daemon Server] - 2025-02-20T11:15:48.304Z - [SYNC]: project graph hash is the same, not collecting task sync generators
[NX Daemon Server] - 2025-02-20T11:15:48.304Z - [SYNC]: nx.json hash is the same, not collecting global sync generators
[NX Daemon Server] - 2025-02-20T11:15:48.304Z - Time taken for 'total execution time for createProjectGraph()' 23.062541999970563ms
[NX Daemon Server] - 2025-02-20T11:15:48.657Z - [REQUEST]: Client Request for Project Graph Received
[NX Daemon Server] - 2025-02-20T11:15:48.657Z - [REQUEST]: Responding to the client. project-graph
[NX Daemon Server] - 2025-02-20T11:15:48.657Z - Time taken for 'total for creating and serializing project graph' 0.18216700002085418ms
[NX Daemon Server] - 2025-02-20T11:15:48.658Z - Done responding to the client project-graph
[NX Daemon Server] - 2025-02-20T11:15:48.658Z - Handled REQUEST_PROJECT_GRAPH. Handling time: 0. Response time: 1.
[NX Daemon Server] - 2025-02-20T11:15:49.163Z - Established a connection. Number of open connections: 13
[NX Daemon Server] - 2025-02-20T11:15:49.165Z - [REQUEST]: Client Request for Project Graph Received
[NX Daemon Server] - 2025-02-20T11:15:49.165Z - [REQUEST]: Responding to the client. project-graph
[NX Daemon Server] - 2025-02-20T11:15:49.166Z - Time taken for 'total for creating and serializing project graph' 0.37333299999590963ms
[NX Daemon Server] - 2025-02-20T11:15:49.166Z - Closed a connection. Number of open connections: 12
[NX Daemon Server] - 2025-02-20T11:15:49.169Z - Done responding to the client project-graph
[NX Daemon Server] - 2025-02-20T11:15:49.169Z - Handled REQUEST_PROJECT_GRAPH. Handling time: 0. Response time: 4.
[NX Daemon Server] - 2025-02-20T11:15:49.175Z - [REQUEST]: Responding to the client. handleContextFileData
[NX Daemon Server] - 2025-02-20T11:15:49.176Z - Done responding to the client handleContextFileData
[NX Daemon Server] - 2025-02-20T11:15:49.176Z - Handled GET_CONTEXT_FILE_DATA. Handling time: 0. Response time: 1.
[NX Daemon Server] - 2025-02-20T11:15:49.176Z - Closed a connection. Number of open connections: 11
[NX Daemon Server] - 2025-02-20T11:15:49.221Z - Closed a connection. Number of open connections: 10
[NX Daemon Server] - 2025-02-20T11:15:49.221Z - Established a connection. Number of open connections: 11
[NX Daemon Server] - 2025-02-20T11:15:49.222Z - Established a connection. Number of open connections: 12
[NX Daemon Server] - 2025-02-20T11:15:49.222Z - Closed a connection. Number of open connections: 11
[NX Daemon Server] - 2025-02-20T11:15:49.222Z - [REQUEST]: Client Request for Project Graph Received
[NX Daemon Server] - 2025-02-20T11:15:49.222Z - [REQUEST]: Responding to the client. project-graph
[NX Daemon Server] - 2025-02-20T11:15:49.222Z - Time taken for 'total for creating and serializing project graph' 0.12462499993853271ms
[NX Daemon Server] - 2025-02-20T11:15:49.223Z - Done responding to the client project-graph
[NX Daemon Server] - 2025-02-20T11:15:49.223Z - Handled REQUEST_PROJECT_GRAPH. Handling time: 0. Response time: 1.
[NX Daemon Server] - 2025-02-20T11:15:49.226Z - [REQUEST]: Client Request for Project Graph Received
[NX Daemon Server] - 2025-02-20T11:15:49.227Z - [REQUEST]: Responding to the client. project-graph
[NX Daemon Server] - 2025-02-20T11:15:49.227Z - Time taken for 'total for creating and serializing project graph' 0.1146250000456348ms
[NX Daemon Server] - 2025-02-20T11:15:49.228Z - Done responding to the client project-graph
[NX Daemon Server] - 2025-02-20T11:15:49.228Z - Handled REQUEST_PROJECT_GRAPH. Handling time: 1. Response time: 1.
[NX Daemon Server] - 2025-02-20T11:15:49.230Z - Established a connection. Number of open connections: 12
[NX Daemon Server] - 2025-02-20T12:31:23.665Z - [WATCHER]: apps/admin/src/styles.scss was modified
[NX Daemon Server] - 2025-02-20T12:31:23.667Z - [REQUEST]: Responding to the client. File watch changed
[NX Daemon Server] - 2025-02-20T12:31:23.667Z - [REQUEST]: Responding to the client. File watch changed
[NX Daemon Server] - 2025-02-20T12:31:23.667Z - Done responding to the client File watch changed
[NX Daemon Server] - 2025-02-20T12:31:23.667Z - Done responding to the client File watch changed
[NX Daemon Server] - 2025-02-20T12:31:23.667Z - Handled FILE-WATCH-CHANGED. Handling time: 0. Response time: 0.
[NX Daemon Server] - 2025-02-20T12:31:23.667Z - Handled FILE-WATCH-CHANGED. Handling time: 0. Response time: 0.
[NX Daemon Server] - 2025-02-20T12:31:23.667Z - [WATCHER]: Processing file changes in outputs
[NX Daemon Server] - 2025-02-20T12:31:23.667Z - Time taken for 'changed-projects' 0.1801250008866191ms
[NX Daemon Server] - 2025-02-20T12:31:23.768Z - [REQUEST]: Updated workspace context based on watched changes, recomputing project graph...
[NX Daemon Server] - 2025-02-20T12:31:23.768Z - [REQUEST]: apps/admin/src/styles.scss
[NX Daemon Server] - 2025-02-20T12:31:23.768Z - [REQUEST]: 
[NX Daemon Server] - 2025-02-20T12:31:23.776Z - [REQUEST]: Responding to the client. handleHashGlob
[NX Daemon Server] - 2025-02-20T12:31:23.776Z - Done responding to the client handleHashGlob
[NX Daemon Server] - 2025-02-20T12:31:23.776Z - Handled HASH_GLOB. Handling time: 1. Response time: 0.
[NX Daemon Server] - 2025-02-20T12:31:23.776Z - Time taken for 'hash changed files from watcher' 0.2965420000255108ms
[NX Daemon Server] - 2025-02-20T12:31:23.777Z - [REQUEST]: Responding to the client. handleHashGlob
[NX Daemon Server] - 2025-02-20T12:31:23.777Z - Done responding to the client handleHashGlob
[NX Daemon Server] - 2025-02-20T12:31:23.777Z - Handled HASH_GLOB. Handling time: 0. Response time: 0.
[NX Daemon Server] - 2025-02-20T12:31:23.778Z - [REQUEST]: Responding to the client. handleHashGlob
[NX Daemon Server] - 2025-02-20T12:31:23.779Z - Done responding to the client handleHashGlob
[NX Daemon Server] - 2025-02-20T12:31:23.779Z - Handled HASH_GLOB. Handling time: 0. Response time: 1.
[NX Daemon Server] - 2025-02-20T12:31:23.781Z - [REQUEST]: Responding to the client. handleGlob
[NX Daemon Server] - 2025-02-20T12:31:23.781Z - Done responding to the client handleGlob
[NX Daemon Server] - 2025-02-20T12:31:23.781Z - Handled GLOB. Handling time: 1. Response time: 0.
[NX Daemon Server] - 2025-02-20T12:31:23.783Z - [REQUEST]: Responding to the client. handleHashGlob
[NX Daemon Server] - 2025-02-20T12:31:23.783Z - Done responding to the client handleHashGlob
[NX Daemon Server] - 2025-02-20T12:31:23.783Z - Handled HASH_GLOB. Handling time: 1. Response time: 0.
[NX Daemon Server] - 2025-02-20T12:31:23.783Z - [REQUEST]: Responding to the client. handleHashGlob
[NX Daemon Server] - 2025-02-20T12:31:23.783Z - Done responding to the client handleHashGlob
[NX Daemon Server] - 2025-02-20T12:31:23.783Z - Handled HASH_GLOB. Handling time: 0. Response time: 0.
[NX Daemon Server] - 2025-02-20T12:31:23.784Z - [REQUEST]: Responding to the client. handleHashGlob
[NX Daemon Server] - 2025-02-20T12:31:23.784Z - Done responding to the client handleHashGlob
[NX Daemon Server] - 2025-02-20T12:31:23.784Z - Handled HASH_GLOB. Handling time: 0. Response time: 0.
[NX Daemon Server] - 2025-02-20T12:31:23.801Z - [REQUEST]: Responding to the client. handleHashGlob
[NX Daemon Server] - 2025-02-20T12:31:23.802Z - Done responding to the client handleHashGlob
[NX Daemon Server] - 2025-02-20T12:31:23.802Z - Handled HASH_GLOB. Handling time: 0. Response time: 1.
[NX Daemon Server] - 2025-02-20T12:31:23.803Z - [REQUEST]: Responding to the client. handleHashGlob
[NX Daemon Server] - 2025-02-20T12:31:23.803Z - Done responding to the client handleHashGlob
[NX Daemon Server] - 2025-02-20T12:31:23.803Z - Handled HASH_GLOB. Handling time: 1. Response time: 0.
[NX Daemon Server] - 2025-02-20T12:31:23.803Z - [REQUEST]: Responding to the client. handleHashGlob
[NX Daemon Server] - 2025-02-20T12:31:23.803Z - Done responding to the client handleHashGlob
[NX Daemon Server] - 2025-02-20T12:31:23.803Z - Handled HASH_GLOB. Handling time: 0. Response time: 0.
[NX Daemon Server] - 2025-02-20T12:31:23.804Z - [REQUEST]: Responding to the client. handleHashGlob
[NX Daemon Server] - 2025-02-20T12:31:23.804Z - Done responding to the client handleHashGlob
[NX Daemon Server] - 2025-02-20T12:31:23.804Z - Handled HASH_GLOB. Handling time: 0. Response time: 0.
[NX Daemon Server] - 2025-02-20T12:31:23.814Z - [REQUEST]: Responding to the client. handleHashGlob
[NX Daemon Server] - 2025-02-20T12:31:23.814Z - Done responding to the client handleHashGlob
[NX Daemon Server] - 2025-02-20T12:31:23.814Z - Handled HASH_GLOB. Handling time: 0. Response time: 0.
[NX Daemon Server] - 2025-02-20T12:31:23.815Z - [REQUEST]: Responding to the client. handleHashGlob
[NX Daemon Server] - 2025-02-20T12:31:23.815Z - Done responding to the client handleHashGlob
[NX Daemon Server] - 2025-02-20T12:31:23.815Z - Handled HASH_GLOB. Handling time: 0. Response time: 0.
[NX Daemon Server] - 2025-02-20T12:31:23.816Z - [REQUEST]: Responding to the client. handleHashGlob
[NX Daemon Server] - 2025-02-20T12:31:23.816Z - Done responding to the client handleHashGlob
[NX Daemon Server] - 2025-02-20T12:31:23.816Z - Handled HASH_GLOB. Handling time: 0. Response time: 0.
[NX Daemon Server] - 2025-02-20T12:31:23.818Z - [REQUEST]: Responding to the client. handleHashGlob
[NX Daemon Server] - 2025-02-20T12:31:23.818Z - Done responding to the client handleHashGlob
[NX Daemon Server] - 2025-02-20T12:31:23.818Z - Handled HASH_GLOB. Handling time: 1. Response time: 0.
[NX Daemon Server] - 2025-02-20T12:31:23.818Z - [REQUEST]: Responding to the client. handleHashGlob
[NX Daemon Server] - 2025-02-20T12:31:23.821Z - Done responding to the client handleHashGlob
[NX Daemon Server] - 2025-02-20T12:31:23.821Z - Handled HASH_GLOB. Handling time: 0. Response time: 3.
[NX Daemon Server] - 2025-02-20T12:31:23.822Z - [REQUEST]: Responding to the client. handleHashGlob
[NX Daemon Server] - 2025-02-20T12:31:23.822Z - Done responding to the client handleHashGlob
[NX Daemon Server] - 2025-02-20T12:31:23.822Z - Handled HASH_GLOB. Handling time: 0. Response time: 0.
[NX Daemon Server] - 2025-02-20T12:31:23.830Z - Time taken for 'build-project-configs' 55.93358299974352ms
[NX Daemon Server] - 2025-02-20T12:31:23.865Z - [SYNC]: collect registered sync generators
[NX Daemon Server] - 2025-02-20T12:31:23.865Z - [SYNC]: project graph hash is the same, not collecting task sync generators
[NX Daemon Server] - 2025-02-20T12:31:23.865Z - [SYNC]: nx.json hash is the same, not collecting global sync generators
[NX Daemon Server] - 2025-02-20T12:31:23.865Z - Time taken for 'total execution time for createProjectGraph()' 30.089499999769032ms
[NX Daemon Server] - 2025-02-20T12:31:23.880Z - [WATCHER]: apps/admin/src/styles.scss was modified
[NX Daemon Server] - 2025-02-20T12:31:23.880Z - [REQUEST]: Responding to the client. File watch changed
[NX Daemon Server] - 2025-02-20T12:31:23.880Z - [REQUEST]: Responding to the client. File watch changed
[NX Daemon Server] - 2025-02-20T12:31:23.880Z - Done responding to the client File watch changed
[NX Daemon Server] - 2025-02-20T12:31:23.880Z - Done responding to the client File watch changed
[NX Daemon Server] - 2025-02-20T12:31:23.880Z - Handled FILE-WATCH-CHANGED. Handling time: 0. Response time: 0.
[NX Daemon Server] - 2025-02-20T12:31:23.880Z - Handled FILE-WATCH-CHANGED. Handling time: 0. Response time: 0.
[NX Daemon Server] - 2025-02-20T12:31:23.880Z - [WATCHER]: Processing file changes in outputs
[NX Daemon Server] - 2025-02-20T12:31:23.881Z - Time taken for 'changed-projects' 0.04379200004041195ms
[NX Daemon Server] - 2025-02-20T12:31:24.080Z - [REQUEST]: Updated workspace context based on watched changes, recomputing project graph...
[NX Daemon Server] - 2025-02-20T12:31:24.080Z - [REQUEST]: apps/admin/src/styles.scss
[NX Daemon Server] - 2025-02-20T12:31:24.081Z - [REQUEST]: 
[NX Daemon Server] - 2025-02-20T12:31:24.088Z - [REQUEST]: Responding to the client. handleHashGlob
[NX Daemon Server] - 2025-02-20T12:31:24.089Z - Done responding to the client handleHashGlob
[NX Daemon Server] - 2025-02-20T12:31:24.089Z - Handled HASH_GLOB. Handling time: 0. Response time: 1.
[NX Daemon Server] - 2025-02-20T12:31:24.090Z - [REQUEST]: Responding to the client. handleGlob
[NX Daemon Server] - 2025-02-20T12:31:24.090Z - Done responding to the client handleGlob
[NX Daemon Server] - 2025-02-20T12:31:24.090Z - Handled GLOB. Handling time: 1. Response time: 0.
[NX Daemon Server] - 2025-02-20T12:31:24.091Z - [REQUEST]: Responding to the client. handleHashGlob
[NX Daemon Server] - 2025-02-20T12:31:24.091Z - Done responding to the client handleHashGlob
[NX Daemon Server] - 2025-02-20T12:31:24.091Z - Handled HASH_GLOB. Handling time: 0. Response time: 0.
[NX Daemon Server] - 2025-02-20T12:31:24.092Z - Time taken for 'hash changed files from watcher' 0.24479200039058924ms
[NX Daemon Server] - 2025-02-20T12:31:24.092Z - [REQUEST]: Responding to the client. handleHashGlob
[NX Daemon Server] - 2025-02-20T12:31:24.092Z - Done responding to the client handleHashGlob
[NX Daemon Server] - 2025-02-20T12:31:24.092Z - Handled HASH_GLOB. Handling time: 0. Response time: 0.
[NX Daemon Server] - 2025-02-20T12:31:24.093Z - [REQUEST]: Responding to the client. handleHashGlob
[NX Daemon Server] - 2025-02-20T12:31:24.093Z - Done responding to the client handleHashGlob
[NX Daemon Server] - 2025-02-20T12:31:24.093Z - Handled HASH_GLOB. Handling time: 0. Response time: 0.
[NX Daemon Server] - 2025-02-20T12:31:24.095Z - [REQUEST]: Responding to the client. handleHashGlob
[NX Daemon Server] - 2025-02-20T12:31:24.095Z - Done responding to the client handleHashGlob
[NX Daemon Server] - 2025-02-20T12:31:24.095Z - Handled HASH_GLOB. Handling time: 1. Response time: 0.
[NX Daemon Server] - 2025-02-20T12:31:24.095Z - [WATCHER]: apps/admin/src/styles.scss was modified
[NX Daemon Server] - 2025-02-20T12:31:24.095Z - [REQUEST]: Responding to the client. File watch changed
[NX Daemon Server] - 2025-02-20T12:31:24.095Z - [REQUEST]: Responding to the client. File watch changed
[NX Daemon Server] - 2025-02-20T12:31:24.095Z - Done responding to the client File watch changed
[NX Daemon Server] - 2025-02-20T12:31:24.095Z - Done responding to the client File watch changed
[NX Daemon Server] - 2025-02-20T12:31:24.095Z - Handled FILE-WATCH-CHANGED. Handling time: 0. Response time: 0.
[NX Daemon Server] - 2025-02-20T12:31:24.095Z - Handled FILE-WATCH-CHANGED. Handling time: 0. Response time: 0.
[NX Daemon Server] - 2025-02-20T12:31:24.096Z - [WATCHER]: Processing file changes in outputs
[NX Daemon Server] - 2025-02-20T12:31:24.096Z - Time taken for 'changed-projects' 0.04824999999254942ms
[NX Daemon Server] - 2025-02-20T12:31:24.097Z - [REQUEST]: Responding to the client. handleHashGlob
[NX Daemon Server] - 2025-02-20T12:31:24.097Z - Done responding to the client handleHashGlob
[NX Daemon Server] - 2025-02-20T12:31:24.097Z - Handled HASH_GLOB. Handling time: 1. Response time: 0.
[NX Daemon Server] - 2025-02-20T12:31:24.098Z - [REQUEST]: Responding to the client. handleHashGlob
[NX Daemon Server] - 2025-02-20T12:31:24.098Z - Done responding to the client handleHashGlob
[NX Daemon Server] - 2025-02-20T12:31:24.098Z - Handled HASH_GLOB. Handling time: 1. Response time: 0.
[NX Daemon Server] - 2025-02-20T12:31:24.099Z - [REQUEST]: Responding to the client. handleHashGlob
[NX Daemon Server] - 2025-02-20T12:31:24.099Z - Done responding to the client handleHashGlob
[NX Daemon Server] - 2025-02-20T12:31:24.099Z - Handled HASH_GLOB. Handling time: 0. Response time: 0.
[NX Daemon Server] - 2025-02-20T12:31:24.100Z - [REQUEST]: Responding to the client. handleHashGlob
[NX Daemon Server] - 2025-02-20T12:31:24.100Z - Done responding to the client handleHashGlob
[NX Daemon Server] - 2025-02-20T12:31:24.100Z - Handled HASH_GLOB. Handling time: 0. Response time: 0.
[NX Daemon Server] - 2025-02-20T12:31:24.101Z - [REQUEST]: Responding to the client. handleHashGlob
[NX Daemon Server] - 2025-02-20T12:31:24.101Z - Done responding to the client handleHashGlob
[NX Daemon Server] - 2025-02-20T12:31:24.101Z - Handled HASH_GLOB. Handling time: 0. Response time: 0.
[NX Daemon Server] - 2025-02-20T12:31:24.102Z - [REQUEST]: Responding to the client. handleHashGlob
[NX Daemon Server] - 2025-02-20T12:31:24.102Z - Done responding to the client handleHashGlob
[NX Daemon Server] - 2025-02-20T12:31:24.102Z - Handled HASH_GLOB. Handling time: 0. Response time: 0.
[NX Daemon Server] - 2025-02-20T12:31:24.104Z - [REQUEST]: Responding to the client. handleHashGlob
[NX Daemon Server] - 2025-02-20T12:31:24.104Z - Done responding to the client handleHashGlob
[NX Daemon Server] - 2025-02-20T12:31:24.104Z - Handled HASH_GLOB. Handling time: 1. Response time: 0.
[NX Daemon Server] - 2025-02-20T12:31:24.105Z - [REQUEST]: Responding to the client. handleHashGlob
[NX Daemon Server] - 2025-02-20T12:31:24.105Z - Done responding to the client handleHashGlob
[NX Daemon Server] - 2025-02-20T12:31:24.105Z - Handled HASH_GLOB. Handling time: 1. Response time: 0.
[NX Daemon Server] - 2025-02-20T12:31:24.106Z - [REQUEST]: Responding to the client. handleHashGlob
[NX Daemon Server] - 2025-02-20T12:31:24.106Z - Done responding to the client handleHashGlob
[NX Daemon Server] - 2025-02-20T12:31:24.106Z - Handled HASH_GLOB. Handling time: 1. Response time: 0.
[NX Daemon Server] - 2025-02-20T12:31:24.106Z - [REQUEST]: Responding to the client. handleHashGlob
[NX Daemon Server] - 2025-02-20T12:31:24.106Z - Done responding to the client handleHashGlob
[NX Daemon Server] - 2025-02-20T12:31:24.106Z - Handled HASH_GLOB. Handling time: 0. Response time: 0.
[NX Daemon Server] - 2025-02-20T12:31:24.109Z - [REQUEST]: Responding to the client. handleHashGlob
[NX Daemon Server] - 2025-02-20T12:31:24.109Z - Done responding to the client handleHashGlob
[NX Daemon Server] - 2025-02-20T12:31:24.109Z - Handled HASH_GLOB. Handling time: 0. Response time: 0.
[NX Daemon Server] - 2025-02-20T12:31:24.114Z - Time taken for 'build-project-configs' 28.963666999712586ms
[NX Daemon Server] - 2025-02-20T12:31:24.136Z - [SYNC]: collect registered sync generators
[NX Daemon Server] - 2025-02-20T12:31:24.136Z - [SYNC]: project graph hash is the same, not collecting task sync generators
[NX Daemon Server] - 2025-02-20T12:31:24.136Z - [SYNC]: nx.json hash is the same, not collecting global sync generators
[NX Daemon Server] - 2025-02-20T12:31:24.136Z - Time taken for 'total execution time for createProjectGraph()' 17.23725000023842ms
[NX Daemon Server] - 2025-02-20T12:31:24.495Z - [REQUEST]: Updated workspace context based on watched changes, recomputing project graph...
[NX Daemon Server] - 2025-02-20T12:31:24.495Z - [REQUEST]: 
[NX Daemon Server] - 2025-02-20T12:31:24.495Z - [REQUEST]: 
[NX Daemon Server] - 2025-02-20T12:31:24.500Z - [REQUEST]: Responding to the client. handleHashGlob
[NX Daemon Server] - 2025-02-20T12:31:24.500Z - Done responding to the client handleHashGlob
[NX Daemon Server] - 2025-02-20T12:31:24.500Z - Handled HASH_GLOB. Handling time: 1. Response time: 0.
[NX Daemon Server] - 2025-02-20T12:31:24.501Z - [REQUEST]: Responding to the client. handleGlob
[NX Daemon Server] - 2025-02-20T12:31:24.501Z - Done responding to the client handleGlob
[NX Daemon Server] - 2025-02-20T12:31:24.501Z - Handled GLOB. Handling time: 1. Response time: 0.
[NX Daemon Server] - 2025-02-20T12:31:24.501Z - Time taken for 'hash changed files from watcher' 0.1234579998999834ms
[NX Daemon Server] - 2025-02-20T12:31:24.502Z - [REQUEST]: Responding to the client. handleHashGlob
[NX Daemon Server] - 2025-02-20T12:31:24.502Z - Done responding to the client handleHashGlob
[NX Daemon Server] - 2025-02-20T12:31:24.502Z - Handled HASH_GLOB. Handling time: 1. Response time: 0.
[NX Daemon Server] - 2025-02-20T12:31:24.504Z - [REQUEST]: Responding to the client. handleHashGlob
[NX Daemon Server] - 2025-02-20T12:31:24.504Z - Done responding to the client handleHashGlob
[NX Daemon Server] - 2025-02-20T12:31:24.504Z - Handled HASH_GLOB. Handling time: 1. Response time: 0.
[NX Daemon Server] - 2025-02-20T12:31:24.505Z - [REQUEST]: Responding to the client. handleHashGlob
[NX Daemon Server] - 2025-02-20T12:31:24.505Z - Done responding to the client handleHashGlob
[NX Daemon Server] - 2025-02-20T12:31:24.505Z - Handled HASH_GLOB. Handling time: 0. Response time: 0.
[NX Daemon Server] - 2025-02-20T12:31:24.506Z - [REQUEST]: Responding to the client. handleHashGlob
[NX Daemon Server] - 2025-02-20T12:31:24.506Z - Done responding to the client handleHashGlob
[NX Daemon Server] - 2025-02-20T12:31:24.506Z - Handled HASH_GLOB. Handling time: 0. Response time: 0.
[NX Daemon Server] - 2025-02-20T12:31:24.509Z - [REQUEST]: Responding to the client. handleHashGlob
[NX Daemon Server] - 2025-02-20T12:31:24.509Z - Done responding to the client handleHashGlob
[NX Daemon Server] - 2025-02-20T12:31:24.509Z - Handled HASH_GLOB. Handling time: 1. Response time: 0.
[NX Daemon Server] - 2025-02-20T12:31:24.510Z - [REQUEST]: Responding to the client. handleHashGlob
[NX Daemon Server] - 2025-02-20T12:31:24.510Z - Done responding to the client handleHashGlob
[NX Daemon Server] - 2025-02-20T12:31:24.510Z - Handled HASH_GLOB. Handling time: 1. Response time: 0.
[NX Daemon Server] - 2025-02-20T12:31:24.511Z - [REQUEST]: Responding to the client. handleHashGlob
[NX Daemon Server] - 2025-02-20T12:31:24.511Z - Done responding to the client handleHashGlob
[NX Daemon Server] - 2025-02-20T12:31:24.511Z - Handled HASH_GLOB. Handling time: 1. Response time: 0.
[NX Daemon Server] - 2025-02-20T12:31:24.513Z - [REQUEST]: Responding to the client. handleHashGlob
[NX Daemon Server] - 2025-02-20T12:31:24.513Z - Done responding to the client handleHashGlob
[NX Daemon Server] - 2025-02-20T12:31:24.513Z - Handled HASH_GLOB. Handling time: 0. Response time: 0.
[NX Daemon Server] - 2025-02-20T12:31:24.514Z - [REQUEST]: Responding to the client. handleHashGlob
[NX Daemon Server] - 2025-02-20T12:31:24.515Z - Done responding to the client handleHashGlob
[NX Daemon Server] - 2025-02-20T12:31:24.515Z - Handled HASH_GLOB. Handling time: 0. Response time: 1.
[NX Daemon Server] - 2025-02-20T12:31:24.516Z - [REQUEST]: Responding to the client. handleHashGlob
[NX Daemon Server] - 2025-02-20T12:31:24.516Z - Done responding to the client handleHashGlob
[NX Daemon Server] - 2025-02-20T12:31:24.516Z - Handled HASH_GLOB. Handling time: 1. Response time: 0.
[NX Daemon Server] - 2025-02-20T12:31:24.516Z - [REQUEST]: Responding to the client. handleHashGlob
[NX Daemon Server] - 2025-02-20T12:31:24.516Z - Done responding to the client handleHashGlob
[NX Daemon Server] - 2025-02-20T12:31:24.516Z - Handled HASH_GLOB. Handling time: 0. Response time: 0.
[NX Daemon Server] - 2025-02-20T12:31:24.517Z - [REQUEST]: Responding to the client. handleHashGlob
[NX Daemon Server] - 2025-02-20T12:31:24.517Z - Done responding to the client handleHashGlob
[NX Daemon Server] - 2025-02-20T12:31:24.517Z - Handled HASH_GLOB. Handling time: 0. Response time: 0.
[NX Daemon Server] - 2025-02-20T12:31:24.518Z - [REQUEST]: Responding to the client. handleHashGlob
[NX Daemon Server] - 2025-02-20T12:31:24.518Z - Done responding to the client handleHashGlob
[NX Daemon Server] - 2025-02-20T12:31:24.518Z - Handled HASH_GLOB. Handling time: 0. Response time: 0.
[NX Daemon Server] - 2025-02-20T12:31:24.519Z - [REQUEST]: Responding to the client. handleHashGlob
[NX Daemon Server] - 2025-02-20T12:31:24.519Z - Done responding to the client handleHashGlob
[NX Daemon Server] - 2025-02-20T12:31:24.519Z - Handled HASH_GLOB. Handling time: 0. Response time: 0.
[NX Daemon Server] - 2025-02-20T12:31:24.520Z - [REQUEST]: Responding to the client. handleHashGlob
[NX Daemon Server] - 2025-02-20T12:31:24.520Z - Done responding to the client handleHashGlob
[NX Daemon Server] - 2025-02-20T12:31:24.520Z - Handled HASH_GLOB. Handling time: 0. Response time: 0.
[NX Daemon Server] - 2025-02-20T12:31:24.526Z - Time taken for 'build-project-configs' 26.546707999892533ms
[NX Daemon Server] - 2025-02-20T12:31:24.547Z - [SYNC]: collect registered sync generators
[NX Daemon Server] - 2025-02-20T12:31:24.547Z - [SYNC]: project graph hash is the same, not collecting task sync generators
[NX Daemon Server] - 2025-02-20T12:31:24.547Z - [SYNC]: nx.json hash is the same, not collecting global sync generators
[NX Daemon Server] - 2025-02-20T12:31:24.547Z - Time taken for 'total execution time for createProjectGraph()' 16.715124999172986ms
[NX Daemon Server] - 2025-02-20T12:31:24.597Z - [REQUEST]: Client Request for Project Graph Received
[NX Daemon Server] - 2025-02-20T12:31:24.597Z - [REQUEST]: Responding to the client. project-graph
[NX Daemon Server] - 2025-02-20T12:31:24.597Z - Time taken for 'total for creating and serializing project graph' 0.19295900035649538ms
[NX Daemon Server] - 2025-02-20T12:31:24.600Z - Done responding to the client project-graph
[NX Daemon Server] - 2025-02-20T12:31:24.600Z - Handled REQUEST_PROJECT_GRAPH. Handling time: 0. Response time: 3.
[NX Daemon Server] - 2025-02-20T12:31:25.103Z - Established a connection. Number of open connections: 13
[NX Daemon Server] - 2025-02-20T12:31:25.107Z - [REQUEST]: Client Request for Project Graph Received
[NX Daemon Server] - 2025-02-20T12:31:25.107Z - [REQUEST]: Responding to the client. project-graph
[NX Daemon Server] - 2025-02-20T12:31:25.108Z - Time taken for 'total for creating and serializing project graph' 0.38487499952316284ms
[NX Daemon Server] - 2025-02-20T12:31:25.108Z - Closed a connection. Number of open connections: 12
[NX Daemon Server] - 2025-02-20T12:31:25.113Z - Done responding to the client project-graph
[NX Daemon Server] - 2025-02-20T12:31:25.113Z - Handled REQUEST_PROJECT_GRAPH. Handling time: 0. Response time: 6.
[NX Daemon Server] - 2025-02-20T12:31:25.122Z - [REQUEST]: Responding to the client. handleContextFileData
[NX Daemon Server] - 2025-02-20T12:31:25.122Z - Done responding to the client handleContextFileData
[NX Daemon Server] - 2025-02-20T12:31:25.122Z - Handled GET_CONTEXT_FILE_DATA. Handling time: 0. Response time: 0.
[NX Daemon Server] - 2025-02-20T12:31:25.123Z - Closed a connection. Number of open connections: 11
[NX Daemon Server] - 2025-02-20T12:31:25.187Z - Closed a connection. Number of open connections: 10
[NX Daemon Server] - 2025-02-20T12:31:25.187Z - Established a connection. Number of open connections: 11
[NX Daemon Server] - 2025-02-20T12:31:25.187Z - Established a connection. Number of open connections: 12
[NX Daemon Server] - 2025-02-20T12:31:25.187Z - Closed a connection. Number of open connections: 11
[NX Daemon Server] - 2025-02-20T12:31:25.188Z - [REQUEST]: Client Request for Project Graph Received
[NX Daemon Server] - 2025-02-20T12:31:25.188Z - [REQUEST]: Responding to the client. project-graph
[NX Daemon Server] - 2025-02-20T12:31:25.188Z - Time taken for 'total for creating and serializing project graph' 0.11670800019055605ms
[NX Daemon Server] - 2025-02-20T12:31:25.189Z - Done responding to the client project-graph
[NX Daemon Server] - 2025-02-20T12:31:25.189Z - Handled REQUEST_PROJECT_GRAPH. Handling time: 0. Response time: 1.
[NX Daemon Server] - 2025-02-20T12:31:25.193Z - [REQUEST]: Client Request for Project Graph Received
[NX Daemon Server] - 2025-02-20T12:31:25.193Z - [REQUEST]: Responding to the client. project-graph
[NX Daemon Server] - 2025-02-20T12:31:25.193Z - Time taken for 'total for creating and serializing project graph' 0.1377910003066063ms
[NX Daemon Server] - 2025-02-20T12:31:25.195Z - Done responding to the client project-graph
[NX Daemon Server] - 2025-02-20T12:31:25.195Z - Handled REQUEST_PROJECT_GRAPH. Handling time: 0. Response time: 2.
[NX Daemon Server] - 2025-02-20T12:31:25.199Z - Established a connection. Number of open connections: 12
[NX Daemon Server] - 2025-02-20T12:31:41.113Z - [WATCHER]: apps/admin/src/index.html was modified
[NX Daemon Server] - 2025-02-20T12:31:41.114Z - [REQUEST]: Responding to the client. File watch changed
[NX Daemon Server] - 2025-02-20T12:31:41.114Z - [REQUEST]: Responding to the client. File watch changed
[NX Daemon Server] - 2025-02-20T12:31:41.114Z - Done responding to the client File watch changed
[NX Daemon Server] - 2025-02-20T12:31:41.114Z - Done responding to the client File watch changed
[NX Daemon Server] - 2025-02-20T12:31:41.114Z - Handled FILE-WATCH-CHANGED. Handling time: 0. Response time: 0.
[NX Daemon Server] - 2025-02-20T12:31:41.114Z - Handled FILE-WATCH-CHANGED. Handling time: 0. Response time: 0.
[NX Daemon Server] - 2025-02-20T12:31:41.114Z - [WATCHER]: Processing file changes in outputs
[NX Daemon Server] - 2025-02-20T12:31:41.114Z - Time taken for 'changed-projects' 0.04624999966472387ms
[NX Daemon Server] - 2025-02-20T12:31:41.216Z - [REQUEST]: Updated workspace context based on watched changes, recomputing project graph...
[NX Daemon Server] - 2025-02-20T12:31:41.216Z - [REQUEST]: apps/admin/src/index.html
[NX Daemon Server] - 2025-02-20T12:31:41.216Z - [REQUEST]: 
[NX Daemon Server] - 2025-02-20T12:31:41.223Z - [REQUEST]: Responding to the client. handleHashGlob
[NX Daemon Server] - 2025-02-20T12:31:41.224Z - Done responding to the client handleHashGlob
[NX Daemon Server] - 2025-02-20T12:31:41.224Z - Handled HASH_GLOB. Handling time: 0. Response time: 1.
[NX Daemon Server] - 2025-02-20T12:31:41.225Z - [REQUEST]: Responding to the client. handleGlob
[NX Daemon Server] - 2025-02-20T12:31:41.225Z - Done responding to the client handleGlob
[NX Daemon Server] - 2025-02-20T12:31:41.225Z - Handled GLOB. Handling time: 1. Response time: 0.
[NX Daemon Server] - 2025-02-20T12:31:41.226Z - [REQUEST]: Responding to the client. handleHashGlob
[NX Daemon Server] - 2025-02-20T12:31:41.226Z - Done responding to the client handleHashGlob
[NX Daemon Server] - 2025-02-20T12:31:41.226Z - Handled HASH_GLOB. Handling time: 1. Response time: 0.
[NX Daemon Server] - 2025-02-20T12:31:41.226Z - Time taken for 'hash changed files from watcher' 0.2262080004438758ms
[NX Daemon Server] - 2025-02-20T12:31:41.226Z - [REQUEST]: Responding to the client. handleHashGlob
[NX Daemon Server] - 2025-02-20T12:31:41.226Z - Done responding to the client handleHashGlob
[NX Daemon Server] - 2025-02-20T12:31:41.226Z - Handled HASH_GLOB. Handling time: 0. Response time: 0.
[NX Daemon Server] - 2025-02-20T12:31:41.228Z - [REQUEST]: Responding to the client. handleHashGlob
[NX Daemon Server] - 2025-02-20T12:31:41.228Z - Done responding to the client handleHashGlob
[NX Daemon Server] - 2025-02-20T12:31:41.228Z - Handled HASH_GLOB. Handling time: 1. Response time: 0.
[NX Daemon Server] - 2025-02-20T12:31:41.229Z - [REQUEST]: Responding to the client. handleHashGlob
[NX Daemon Server] - 2025-02-20T12:31:41.229Z - Done responding to the client handleHashGlob
[NX Daemon Server] - 2025-02-20T12:31:41.229Z - Handled HASH_GLOB. Handling time: 1. Response time: 0.
[NX Daemon Server] - 2025-02-20T12:31:41.243Z - [REQUEST]: Responding to the client. handleHashGlob
[NX Daemon Server] - 2025-02-20T12:31:41.243Z - Done responding to the client handleHashGlob
[NX Daemon Server] - 2025-02-20T12:31:41.243Z - Handled HASH_GLOB. Handling time: 0. Response time: 0.
[NX Daemon Server] - 2025-02-20T12:31:41.244Z - [REQUEST]: Responding to the client. handleHashGlob
[NX Daemon Server] - 2025-02-20T12:31:41.244Z - Done responding to the client handleHashGlob
[NX Daemon Server] - 2025-02-20T12:31:41.244Z - Handled HASH_GLOB. Handling time: 1. Response time: 0.
[NX Daemon Server] - 2025-02-20T12:31:41.245Z - [REQUEST]: Responding to the client. handleHashGlob
[NX Daemon Server] - 2025-02-20T12:31:41.245Z - Done responding to the client handleHashGlob
[NX Daemon Server] - 2025-02-20T12:31:41.245Z - Handled HASH_GLOB. Handling time: 0. Response time: 0.
[NX Daemon Server] - 2025-02-20T12:31:41.246Z - [REQUEST]: Responding to the client. handleHashGlob
[NX Daemon Server] - 2025-02-20T12:31:41.246Z - Done responding to the client handleHashGlob
[NX Daemon Server] - 2025-02-20T12:31:41.246Z - Handled HASH_GLOB. Handling time: 0. Response time: 0.
[NX Daemon Server] - 2025-02-20T12:31:41.247Z - [REQUEST]: Responding to the client. handleHashGlob
[NX Daemon Server] - 2025-02-20T12:31:41.247Z - Done responding to the client handleHashGlob
[NX Daemon Server] - 2025-02-20T12:31:41.247Z - Handled HASH_GLOB. Handling time: 1. Response time: 0.
[NX Daemon Server] - 2025-02-20T12:31:41.256Z - [REQUEST]: Responding to the client. handleHashGlob
[NX Daemon Server] - 2025-02-20T12:31:41.257Z - Done responding to the client handleHashGlob
[NX Daemon Server] - 2025-02-20T12:31:41.257Z - Handled HASH_GLOB. Handling time: 0. Response time: 1.
[NX Daemon Server] - 2025-02-20T12:31:41.257Z - [REQUEST]: Responding to the client. handleHashGlob
[NX Daemon Server] - 2025-02-20T12:31:41.258Z - Done responding to the client handleHashGlob
[NX Daemon Server] - 2025-02-20T12:31:41.258Z - Handled HASH_GLOB. Handling time: 0. Response time: 1.
[NX Daemon Server] - 2025-02-20T12:31:41.258Z - [REQUEST]: Responding to the client. handleHashGlob
[NX Daemon Server] - 2025-02-20T12:31:41.258Z - Done responding to the client handleHashGlob
[NX Daemon Server] - 2025-02-20T12:31:41.258Z - Handled HASH_GLOB. Handling time: 0. Response time: 0.
[NX Daemon Server] - 2025-02-20T12:31:41.259Z - [REQUEST]: Responding to the client. handleHashGlob
[NX Daemon Server] - 2025-02-20T12:31:41.259Z - Done responding to the client handleHashGlob
[NX Daemon Server] - 2025-02-20T12:31:41.259Z - Handled HASH_GLOB. Handling time: 0. Response time: 0.
[NX Daemon Server] - 2025-02-20T12:31:41.260Z - [REQUEST]: Responding to the client. handleHashGlob
[NX Daemon Server] - 2025-02-20T12:31:41.260Z - Done responding to the client handleHashGlob
[NX Daemon Server] - 2025-02-20T12:31:41.260Z - Handled HASH_GLOB. Handling time: 1. Response time: 0.
[NX Daemon Server] - 2025-02-20T12:31:41.261Z - [REQUEST]: Responding to the client. handleHashGlob
[NX Daemon Server] - 2025-02-20T12:31:41.261Z - Done responding to the client handleHashGlob
[NX Daemon Server] - 2025-02-20T12:31:41.261Z - Handled HASH_GLOB. Handling time: 0. Response time: 0.
[NX Daemon Server] - 2025-02-20T12:31:41.265Z - Time taken for 'build-project-configs' 44.85958299972117ms
[NX Daemon Server] - 2025-02-20T12:31:41.289Z - [SYNC]: collect registered sync generators
[NX Daemon Server] - 2025-02-20T12:31:41.289Z - [SYNC]: project graph hash is the same, not collecting task sync generators
[NX Daemon Server] - 2025-02-20T12:31:41.289Z - [SYNC]: nx.json hash is the same, not collecting global sync generators
[NX Daemon Server] - 2025-02-20T12:31:41.289Z - Time taken for 'total execution time for createProjectGraph()' 20.047167000360787ms
[NX Daemon Server] - 2025-02-20T12:31:41.618Z - [REQUEST]: Client Request for Project Graph Received
[NX Daemon Server] - 2025-02-20T12:31:41.618Z - [REQUEST]: Responding to the client. project-graph
[NX Daemon Server] - 2025-02-20T12:31:41.619Z - Time taken for 'total for creating and serializing project graph' 0.3782079992815852ms
[NX Daemon Server] - 2025-02-20T12:31:41.623Z - Done responding to the client project-graph
[NX Daemon Server] - 2025-02-20T12:31:41.623Z - Handled REQUEST_PROJECT_GRAPH. Handling time: 0. Response time: 5.
[NX Daemon Server] - 2025-02-20T12:31:42.116Z - Established a connection. Number of open connections: 13
[NX Daemon Server] - 2025-02-20T12:31:42.117Z - [REQUEST]: Client Request for Project Graph Received
[NX Daemon Server] - 2025-02-20T12:31:42.117Z - [REQUEST]: Responding to the client. project-graph
[NX Daemon Server] - 2025-02-20T12:31:42.117Z - Time taken for 'total for creating and serializing project graph' 0.12487500067800283ms
[NX Daemon Server] - 2025-02-20T12:31:42.117Z - Closed a connection. Number of open connections: 12
[NX Daemon Server] - 2025-02-20T12:31:42.119Z - Done responding to the client project-graph
[NX Daemon Server] - 2025-02-20T12:31:42.119Z - Handled REQUEST_PROJECT_GRAPH. Handling time: 0. Response time: 2.
[NX Daemon Server] - 2025-02-20T12:31:42.124Z - [REQUEST]: Responding to the client. handleContextFileData
[NX Daemon Server] - 2025-02-20T12:31:42.124Z - Done responding to the client handleContextFileData
[NX Daemon Server] - 2025-02-20T12:31:42.124Z - Handled GET_CONTEXT_FILE_DATA. Handling time: 0. Response time: 0.
[NX Daemon Server] - 2025-02-20T12:31:42.125Z - Closed a connection. Number of open connections: 11
[NX Daemon Server] - 2025-02-20T12:31:42.166Z - Closed a connection. Number of open connections: 10
[NX Daemon Server] - 2025-02-20T12:31:42.167Z - Established a connection. Number of open connections: 11
[NX Daemon Server] - 2025-02-20T12:31:42.167Z - Established a connection. Number of open connections: 12
[NX Daemon Server] - 2025-02-20T12:31:42.168Z - Closed a connection. Number of open connections: 11
[NX Daemon Server] - 2025-02-20T12:31:42.168Z - [REQUEST]: Client Request for Project Graph Received
[NX Daemon Server] - 2025-02-20T12:31:42.168Z - [REQUEST]: Responding to the client. project-graph
[NX Daemon Server] - 2025-02-20T12:31:42.169Z - Time taken for 'total for creating and serializing project graph' 0.11524999979883432ms
[NX Daemon Server] - 2025-02-20T12:31:42.170Z - Done responding to the client project-graph
[NX Daemon Server] - 2025-02-20T12:31:42.170Z - Handled REQUEST_PROJECT_GRAPH. Handling time: 0. Response time: 2.
[NX Daemon Server] - 2025-02-20T12:31:42.173Z - [REQUEST]: Client Request for Project Graph Received
[NX Daemon Server] - 2025-02-20T12:31:42.173Z - [REQUEST]: Responding to the client. project-graph
[NX Daemon Server] - 2025-02-20T12:31:42.174Z - Time taken for 'total for creating and serializing project graph' 0.15908300038427114ms
[NX Daemon Server] - 2025-02-20T12:31:42.175Z - Done responding to the client project-graph
[NX Daemon Server] - 2025-02-20T12:31:42.175Z - Handled REQUEST_PROJECT_GRAPH. Handling time: 0. Response time: 2.
[NX Daemon Server] - 2025-02-20T12:31:42.178Z - Established a connection. Number of open connections: 12
[NX Daemon Server] - 2025-02-20T12:31:51.126Z - [WATCHER]: apps/admin/src/index.html was modified
[NX Daemon Server] - 2025-02-20T12:31:51.127Z - [REQUEST]: Responding to the client. File watch changed
[NX Daemon Server] - 2025-02-20T12:31:51.127Z - [REQUEST]: Responding to the client. File watch changed
[NX Daemon Server] - 2025-02-20T12:31:51.127Z - Done responding to the client File watch changed
[NX Daemon Server] - 2025-02-20T12:31:51.127Z - Done responding to the client File watch changed
[NX Daemon Server] - 2025-02-20T12:31:51.127Z - Handled FILE-WATCH-CHANGED. Handling time: 0. Response time: 0.
[NX Daemon Server] - 2025-02-20T12:31:51.127Z - Handled FILE-WATCH-CHANGED. Handling time: 0. Response time: 0.
[NX Daemon Server] - 2025-02-20T12:31:51.127Z - [WATCHER]: Processing file changes in outputs
[NX Daemon Server] - 2025-02-20T12:31:51.127Z - Time taken for 'changed-projects' 0.05266699939966202ms
[NX Daemon Server] - 2025-02-20T12:31:51.228Z - [REQUEST]: Updated workspace context based on watched changes, recomputing project graph...
[NX Daemon Server] - 2025-02-20T12:31:51.228Z - [REQUEST]: apps/admin/src/index.html
[NX Daemon Server] - 2025-02-20T12:31:51.228Z - [REQUEST]: 
[NX Daemon Server] - 2025-02-20T12:31:51.237Z - [REQUEST]: Responding to the client. handleHashGlob
[NX Daemon Server] - 2025-02-20T12:31:51.237Z - Done responding to the client handleHashGlob
[NX Daemon Server] - 2025-02-20T12:31:51.237Z - Handled HASH_GLOB. Handling time: 0. Response time: 0.
[NX Daemon Server] - 2025-02-20T12:31:51.239Z - [REQUEST]: Responding to the client. handleHashGlob
[NX Daemon Server] - 2025-02-20T12:31:51.239Z - Done responding to the client handleHashGlob
[NX Daemon Server] - 2025-02-20T12:31:51.239Z - Handled HASH_GLOB. Handling time: 1. Response time: 0.
[NX Daemon Server] - 2025-02-20T12:31:51.240Z - [REQUEST]: Responding to the client. handleGlob
[NX Daemon Server] - 2025-02-20T12:31:51.240Z - Done responding to the client handleGlob
[NX Daemon Server] - 2025-02-20T12:31:51.240Z - Handled GLOB. Handling time: 1. Response time: 0.
[NX Daemon Server] - 2025-02-20T12:31:51.240Z - Time taken for 'hash changed files from watcher' 0.3013749998062849ms
[NX Daemon Server] - 2025-02-20T12:31:51.241Z - [REQUEST]: Responding to the client. handleHashGlob
[NX Daemon Server] - 2025-02-20T12:31:51.241Z - Done responding to the client handleHashGlob
[NX Daemon Server] - 2025-02-20T12:31:51.241Z - Handled HASH_GLOB. Handling time: 0. Response time: 0.
[NX Daemon Server] - 2025-02-20T12:31:51.243Z - [REQUEST]: Responding to the client. handleHashGlob
[NX Daemon Server] - 2025-02-20T12:31:51.243Z - Done responding to the client handleHashGlob
[NX Daemon Server] - 2025-02-20T12:31:51.243Z - Handled HASH_GLOB. Handling time: 0. Response time: 0.
[NX Daemon Server] - 2025-02-20T12:31:51.245Z - [REQUEST]: Responding to the client. handleHashGlob
[NX Daemon Server] - 2025-02-20T12:31:51.245Z - Done responding to the client handleHashGlob
[NX Daemon Server] - 2025-02-20T12:31:51.245Z - Handled HASH_GLOB. Handling time: 1. Response time: 0.
[NX Daemon Server] - 2025-02-20T12:31:51.260Z - [REQUEST]: Responding to the client. handleHashGlob
[NX Daemon Server] - 2025-02-20T12:31:51.260Z - Done responding to the client handleHashGlob
[NX Daemon Server] - 2025-02-20T12:31:51.260Z - Handled HASH_GLOB. Handling time: 0. Response time: 0.
[NX Daemon Server] - 2025-02-20T12:31:51.264Z - [REQUEST]: Responding to the client. handleHashGlob
[NX Daemon Server] - 2025-02-20T12:31:51.264Z - Done responding to the client handleHashGlob
[NX Daemon Server] - 2025-02-20T12:31:51.264Z - Handled HASH_GLOB. Handling time: 1. Response time: 0.
[NX Daemon Server] - 2025-02-20T12:31:51.269Z - [REQUEST]: Responding to the client. handleHashGlob
[NX Daemon Server] - 2025-02-20T12:31:51.269Z - Done responding to the client handleHashGlob
[NX Daemon Server] - 2025-02-20T12:31:51.269Z - Handled HASH_GLOB. Handling time: 2. Response time: 0.
[NX Daemon Server] - 2025-02-20T12:31:51.274Z - [REQUEST]: Responding to the client. handleHashGlob
[NX Daemon Server] - 2025-02-20T12:31:51.275Z - Done responding to the client handleHashGlob
[NX Daemon Server] - 2025-02-20T12:31:51.275Z - Handled HASH_GLOB. Handling time: 3. Response time: 1.
[NX Daemon Server] - 2025-02-20T12:31:51.283Z - [REQUEST]: Responding to the client. handleHashGlob
[NX Daemon Server] - 2025-02-20T12:31:51.283Z - Done responding to the client handleHashGlob
[NX Daemon Server] - 2025-02-20T12:31:51.283Z - Handled HASH_GLOB. Handling time: 4. Response time: 0.
[NX Daemon Server] - 2025-02-20T12:31:51.297Z - [REQUEST]: Responding to the client. handleHashGlob
[NX Daemon Server] - 2025-02-20T12:31:51.297Z - Done responding to the client handleHashGlob
[NX Daemon Server] - 2025-02-20T12:31:51.297Z - Handled HASH_GLOB. Handling time: 0. Response time: 0.
[NX Daemon Server] - 2025-02-20T12:31:51.298Z - [REQUEST]: Responding to the client. handleHashGlob
[NX Daemon Server] - 2025-02-20T12:31:51.298Z - Done responding to the client handleHashGlob
[NX Daemon Server] - 2025-02-20T12:31:51.298Z - Handled HASH_GLOB. Handling time: 0. Response time: 0.
[NX Daemon Server] - 2025-02-20T12:31:51.299Z - [REQUEST]: Responding to the client. handleHashGlob
[NX Daemon Server] - 2025-02-20T12:31:51.299Z - Done responding to the client handleHashGlob
[NX Daemon Server] - 2025-02-20T12:31:51.299Z - Handled HASH_GLOB. Handling time: 1. Response time: 0.
[NX Daemon Server] - 2025-02-20T12:31:51.300Z - [REQUEST]: Responding to the client. handleHashGlob
[NX Daemon Server] - 2025-02-20T12:31:51.300Z - Done responding to the client handleHashGlob
[NX Daemon Server] - 2025-02-20T12:31:51.300Z - Handled HASH_GLOB. Handling time: 1. Response time: 0.
[NX Daemon Server] - 2025-02-20T12:31:51.301Z - [REQUEST]: Responding to the client. handleHashGlob
[NX Daemon Server] - 2025-02-20T12:31:51.302Z - Done responding to the client handleHashGlob
[NX Daemon Server] - 2025-02-20T12:31:51.302Z - Handled HASH_GLOB. Handling time: 0. Response time: 1.
[NX Daemon Server] - 2025-02-20T12:31:51.302Z - [REQUEST]: Responding to the client. handleHashGlob
[NX Daemon Server] - 2025-02-20T12:31:51.302Z - Done responding to the client handleHashGlob
[NX Daemon Server] - 2025-02-20T12:31:51.302Z - Handled HASH_GLOB. Handling time: 0. Response time: 0.
[NX Daemon Server] - 2025-02-20T12:31:51.307Z - Time taken for 'build-project-configs' 73.70345900021493ms
[NX Daemon Server] - 2025-02-20T12:31:51.335Z - [SYNC]: collect registered sync generators
[NX Daemon Server] - 2025-02-20T12:31:51.336Z - [SYNC]: project graph hash is the same, not collecting task sync generators
[NX Daemon Server] - 2025-02-20T12:31:51.336Z - [SYNC]: nx.json hash is the same, not collecting global sync generators
[NX Daemon Server] - 2025-02-20T12:31:51.336Z - Time taken for 'total execution time for createProjectGraph()' 24.425541000440717ms
[NX Daemon Server] - 2025-02-20T12:31:51.629Z - [REQUEST]: Client Request for Project Graph Received
[NX Daemon Server] - 2025-02-20T12:31:51.629Z - [REQUEST]: Responding to the client. project-graph
[NX Daemon Server] - 2025-02-20T12:31:51.630Z - Time taken for 'total for creating and serializing project graph' 0.20366599969565868ms
[NX Daemon Server] - 2025-02-20T12:31:51.631Z - Done responding to the client project-graph
[NX Daemon Server] - 2025-02-20T12:31:51.631Z - Handled REQUEST_PROJECT_GRAPH. Handling time: 0. Response time: 2.
[NX Daemon Server] - 2025-02-20T12:31:51.931Z - [WATCHER]: apps/admin/src/index.html was modified
[NX Daemon Server] - 2025-02-20T12:31:51.932Z - [REQUEST]: Responding to the client. File watch changed
[NX Daemon Server] - 2025-02-20T12:31:51.932Z - [REQUEST]: Responding to the client. File watch changed
[NX Daemon Server] - 2025-02-20T12:31:51.932Z - Done responding to the client File watch changed
[NX Daemon Server] - 2025-02-20T12:31:51.932Z - Done responding to the client File watch changed
[NX Daemon Server] - 2025-02-20T12:31:51.932Z - Handled FILE-WATCH-CHANGED. Handling time: 0. Response time: 0.
[NX Daemon Server] - 2025-02-20T12:31:51.932Z - Handled FILE-WATCH-CHANGED. Handling time: 0. Response time: 0.
[NX Daemon Server] - 2025-02-20T12:31:51.932Z - [WATCHER]: Processing file changes in outputs
[NX Daemon Server] - 2025-02-20T12:31:51.932Z - Time taken for 'changed-projects' 0.04062500037252903ms
[NX Daemon Server] - 2025-02-20T12:31:52.033Z - [REQUEST]: Updated workspace context based on watched changes, recomputing project graph...
[NX Daemon Server] - 2025-02-20T12:31:52.033Z - [REQUEST]: apps/admin/src/index.html
[NX Daemon Server] - 2025-02-20T12:31:52.033Z - [REQUEST]: 
[NX Daemon Server] - 2025-02-20T12:31:52.037Z - [REQUEST]: Responding to the client. handleHashGlob
[NX Daemon Server] - 2025-02-20T12:31:52.037Z - Done responding to the client handleHashGlob
[NX Daemon Server] - 2025-02-20T12:31:52.037Z - Handled HASH_GLOB. Handling time: 0. Response time: 0.
[NX Daemon Server] - 2025-02-20T12:31:52.038Z - [REQUEST]: Responding to the client. handleGlob
[NX Daemon Server] - 2025-02-20T12:31:52.038Z - Done responding to the client handleGlob
[NX Daemon Server] - 2025-02-20T12:31:52.038Z - Handled GLOB. Handling time: 1. Response time: 0.
[NX Daemon Server] - 2025-02-20T12:31:52.038Z - Time taken for 'hash changed files from watcher' 0.14625000022351742ms
[NX Daemon Server] - 2025-02-20T12:31:52.039Z - [REQUEST]: Responding to the client. handleHashGlob
[NX Daemon Server] - 2025-02-20T12:31:52.039Z - Done responding to the client handleHashGlob
[NX Daemon Server] - 2025-02-20T12:31:52.039Z - Handled HASH_GLOB. Handling time: 0. Response time: 0.
[NX Daemon Server] - 2025-02-20T12:31:52.040Z - [REQUEST]: Responding to the client. handleHashGlob
[NX Daemon Server] - 2025-02-20T12:31:52.040Z - Done responding to the client handleHashGlob
[NX Daemon Server] - 2025-02-20T12:31:52.040Z - Handled HASH_GLOB. Handling time: 1. Response time: 0.
[NX Daemon Server] - 2025-02-20T12:31:52.041Z - [REQUEST]: Responding to the client. handleHashGlob
[NX Daemon Server] - 2025-02-20T12:31:52.041Z - Done responding to the client handleHashGlob
[NX Daemon Server] - 2025-02-20T12:31:52.041Z - Handled HASH_GLOB. Handling time: 1. Response time: 0.
[NX Daemon Server] - 2025-02-20T12:31:52.042Z - [REQUEST]: Responding to the client. handleHashGlob
[NX Daemon Server] - 2025-02-20T12:31:52.042Z - Done responding to the client handleHashGlob
[NX Daemon Server] - 2025-02-20T12:31:52.042Z - Handled HASH_GLOB. Handling time: 0. Response time: 0.
[NX Daemon Server] - 2025-02-20T12:31:52.054Z - [REQUEST]: Responding to the client. handleHashGlob
[NX Daemon Server] - 2025-02-20T12:31:52.054Z - Done responding to the client handleHashGlob
[NX Daemon Server] - 2025-02-20T12:31:52.054Z - Handled HASH_GLOB. Handling time: 0. Response time: 0.
[NX Daemon Server] - 2025-02-20T12:31:52.055Z - [REQUEST]: Responding to the client. handleHashGlob
[NX Daemon Server] - 2025-02-20T12:31:52.055Z - Done responding to the client handleHashGlob
[NX Daemon Server] - 2025-02-20T12:31:52.055Z - Handled HASH_GLOB. Handling time: 1. Response time: 0.
[NX Daemon Server] - 2025-02-20T12:31:52.055Z - [REQUEST]: Responding to the client. handleHashGlob
[NX Daemon Server] - 2025-02-20T12:31:52.055Z - Done responding to the client handleHashGlob
[NX Daemon Server] - 2025-02-20T12:31:52.055Z - Handled HASH_GLOB. Handling time: 0. Response time: 0.
[NX Daemon Server] - 2025-02-20T12:31:52.057Z - [REQUEST]: Responding to the client. handleHashGlob
[NX Daemon Server] - 2025-02-20T12:31:52.057Z - Done responding to the client handleHashGlob
[NX Daemon Server] - 2025-02-20T12:31:52.057Z - Handled HASH_GLOB. Handling time: 1. Response time: 0.
[NX Daemon Server] - 2025-02-20T12:31:52.057Z - [REQUEST]: Responding to the client. handleHashGlob
[NX Daemon Server] - 2025-02-20T12:31:52.057Z - Done responding to the client handleHashGlob
[NX Daemon Server] - 2025-02-20T12:31:52.057Z - Handled HASH_GLOB. Handling time: 0. Response time: 0.
[NX Daemon Server] - 2025-02-20T12:31:52.068Z - [REQUEST]: Responding to the client. handleHashGlob
[NX Daemon Server] - 2025-02-20T12:31:52.068Z - Done responding to the client handleHashGlob
[NX Daemon Server] - 2025-02-20T12:31:52.068Z - Handled HASH_GLOB. Handling time: 1. Response time: 0.
[NX Daemon Server] - 2025-02-20T12:31:52.069Z - [REQUEST]: Responding to the client. handleHashGlob
[NX Daemon Server] - 2025-02-20T12:31:52.069Z - Done responding to the client handleHashGlob
[NX Daemon Server] - 2025-02-20T12:31:52.069Z - Handled HASH_GLOB. Handling time: 1. Response time: 0.
[NX Daemon Server] - 2025-02-20T12:31:52.070Z - [REQUEST]: Responding to the client. handleHashGlob
[NX Daemon Server] - 2025-02-20T12:31:52.070Z - Done responding to the client handleHashGlob
[NX Daemon Server] - 2025-02-20T12:31:52.070Z - Handled HASH_GLOB. Handling time: 1. Response time: 0.
[NX Daemon Server] - 2025-02-20T12:31:52.070Z - [REQUEST]: Responding to the client. handleHashGlob
[NX Daemon Server] - 2025-02-20T12:31:52.070Z - Done responding to the client handleHashGlob
[NX Daemon Server] - 2025-02-20T12:31:52.070Z - Handled HASH_GLOB. Handling time: 0. Response time: 0.
[NX Daemon Server] - 2025-02-20T12:31:52.071Z - [REQUEST]: Responding to the client. handleHashGlob
[NX Daemon Server] - 2025-02-20T12:31:52.071Z - Done responding to the client handleHashGlob
[NX Daemon Server] - 2025-02-20T12:31:52.071Z - Handled HASH_GLOB. Handling time: 0. Response time: 0.
[NX Daemon Server] - 2025-02-20T12:31:52.072Z - [REQUEST]: Responding to the client. handleHashGlob
[NX Daemon Server] - 2025-02-20T12:31:52.072Z - Done responding to the client handleHashGlob
[NX Daemon Server] - 2025-02-20T12:31:52.072Z - Handled HASH_GLOB. Handling time: 0. Response time: 0.
[NX Daemon Server] - 2025-02-20T12:31:52.077Z - Time taken for 'build-project-configs' 40.29316599946469ms
[NX Daemon Server] - 2025-02-20T12:31:52.098Z - [SYNC]: collect registered sync generators
[NX Daemon Server] - 2025-02-20T12:31:52.099Z - [SYNC]: project graph hash is the same, not collecting task sync generators
[NX Daemon Server] - 2025-02-20T12:31:52.099Z - [SYNC]: nx.json hash is the same, not collecting global sync generators
[NX Daemon Server] - 2025-02-20T12:31:52.099Z - Time taken for 'total execution time for createProjectGraph()' 18.36424999963492ms
[NX Daemon Server] - 2025-02-20T12:31:52.434Z - [REQUEST]: Client Request for Project Graph Received
[NX Daemon Server] - 2025-02-20T12:31:52.434Z - [REQUEST]: Responding to the client. project-graph
[NX Daemon Server] - 2025-02-20T12:31:52.434Z - Time taken for 'total for creating and serializing project graph' 0.30083399917930365ms
[NX Daemon Server] - 2025-02-20T12:31:52.436Z - Done responding to the client project-graph
[NX Daemon Server] - 2025-02-20T12:31:52.436Z - Handled REQUEST_PROJECT_GRAPH. Handling time: 0. Response time: 2.
[NX Daemon Server] - 2025-02-20T12:31:52.934Z - Established a connection. Number of open connections: 13
[NX Daemon Server] - 2025-02-20T12:31:52.935Z - [REQUEST]: Client Request for Project Graph Received
[NX Daemon Server] - 2025-02-20T12:31:52.935Z - [REQUEST]: Responding to the client. project-graph
[NX Daemon Server] - 2025-02-20T12:31:52.935Z - Time taken for 'total for creating and serializing project graph' 0.15995800029486418ms
[NX Daemon Server] - 2025-02-20T12:31:52.935Z - Closed a connection. Number of open connections: 12
[NX Daemon Server] - 2025-02-20T12:31:52.936Z - Done responding to the client project-graph
[NX Daemon Server] - 2025-02-20T12:31:52.936Z - Handled REQUEST_PROJECT_GRAPH. Handling time: 0. Response time: 1.
[NX Daemon Server] - 2025-02-20T12:31:52.940Z - [REQUEST]: Responding to the client. handleContextFileData
[NX Daemon Server] - 2025-02-20T12:31:52.940Z - Done responding to the client handleContextFileData
[NX Daemon Server] - 2025-02-20T12:31:52.940Z - Handled GET_CONTEXT_FILE_DATA. Handling time: 0. Response time: 0.
[NX Daemon Server] - 2025-02-20T12:31:52.941Z - Closed a connection. Number of open connections: 11
[NX Daemon Server] - 2025-02-20T12:31:52.983Z - Closed a connection. Number of open connections: 10
[NX Daemon Server] - 2025-02-20T12:31:52.984Z - Established a connection. Number of open connections: 11
[NX Daemon Server] - 2025-02-20T12:31:52.984Z - Established a connection. Number of open connections: 12
[NX Daemon Server] - 2025-02-20T12:31:52.984Z - Closed a connection. Number of open connections: 11
[NX Daemon Server] - 2025-02-20T12:31:52.984Z - [REQUEST]: Client Request for Project Graph Received
[NX Daemon Server] - 2025-02-20T12:31:52.985Z - [REQUEST]: Responding to the client. project-graph
[NX Daemon Server] - 2025-02-20T12:31:52.985Z - Time taken for 'total for creating and serializing project graph' 0.1316660000011325ms
[NX Daemon Server] - 2025-02-20T12:31:52.986Z - Done responding to the client project-graph
[NX Daemon Server] - 2025-02-20T12:31:52.986Z - Handled REQUEST_PROJECT_GRAPH. Handling time: 1. Response time: 1.
[NX Daemon Server] - 2025-02-20T12:31:52.989Z - [REQUEST]: Client Request for Project Graph Received
[NX Daemon Server] - 2025-02-20T12:31:52.989Z - [REQUEST]: Responding to the client. project-graph
[NX Daemon Server] - 2025-02-20T12:31:52.989Z - Time taken for 'total for creating and serializing project graph' 0.12587499991059303ms
[NX Daemon Server] - 2025-02-20T12:31:52.990Z - Done responding to the client project-graph
[NX Daemon Server] - 2025-02-20T12:31:52.990Z - Handled REQUEST_PROJECT_GRAPH. Handling time: 0. Response time: 1.
[NX Daemon Server] - 2025-02-20T12:31:52.993Z - Established a connection. Number of open connections: 12
[NX Daemon Server] - 2025-02-20T12:32:07.442Z - [WATCHER]: apps/admin/src/app/app.config.ts was modified
[NX Daemon Server] - 2025-02-20T12:32:07.442Z - [REQUEST]: Responding to the client. File watch changed
[NX Daemon Server] - 2025-02-20T12:32:07.442Z - [REQUEST]: Responding to the client. File watch changed
[NX Daemon Server] - 2025-02-20T12:32:07.442Z - Done responding to the client File watch changed
[NX Daemon Server] - 2025-02-20T12:32:07.442Z - Done responding to the client File watch changed
[NX Daemon Server] - 2025-02-20T12:32:07.442Z - Handled FILE-WATCH-CHANGED. Handling time: 0. Response time: 0.
[NX Daemon Server] - 2025-02-20T12:32:07.442Z - Handled FILE-WATCH-CHANGED. Handling time: 0. Response time: 0.
[NX Daemon Server] - 2025-02-20T12:32:07.442Z - [WATCHER]: Processing file changes in outputs
[NX Daemon Server] - 2025-02-20T12:32:07.442Z - Time taken for 'changed-projects' 0.05116700008511543ms
[NX Daemon Server] - 2025-02-20T12:32:07.543Z - [REQUEST]: Updated workspace context based on watched changes, recomputing project graph...
[NX Daemon Server] - 2025-02-20T12:32:07.543Z - [REQUEST]: apps/admin/src/app/app.config.ts
[NX Daemon Server] - 2025-02-20T12:32:07.543Z - [REQUEST]: 
[NX Daemon Server] - 2025-02-20T12:32:07.550Z - [REQUEST]: Responding to the client. handleHashGlob
[NX Daemon Server] - 2025-02-20T12:32:07.550Z - Done responding to the client handleHashGlob
[NX Daemon Server] - 2025-02-20T12:32:07.550Z - Handled HASH_GLOB. Handling time: 0. Response time: 0.
[NX Daemon Server] - 2025-02-20T12:32:07.551Z - [REQUEST]: Responding to the client. handleGlob
[NX Daemon Server] - 2025-02-20T12:32:07.551Z - Done responding to the client handleGlob
[NX Daemon Server] - 2025-02-20T12:32:07.551Z - Handled GLOB. Handling time: 0. Response time: 0.
[NX Daemon Server] - 2025-02-20T12:32:07.552Z - [REQUEST]: Responding to the client. handleHashGlob
[NX Daemon Server] - 2025-02-20T12:32:07.552Z - Done responding to the client handleHashGlob
[NX Daemon Server] - 2025-02-20T12:32:07.552Z - Handled HASH_GLOB. Handling time: 0. Response time: 0.
[NX Daemon Server] - 2025-02-20T12:32:07.552Z - Time taken for 'hash changed files from watcher' 0.22404100000858307ms
[NX Daemon Server] - 2025-02-20T12:32:07.553Z - [REQUEST]: Responding to the client. handleHashGlob
[NX Daemon Server] - 2025-02-20T12:32:07.553Z - Done responding to the client handleHashGlob
[NX Daemon Server] - 2025-02-20T12:32:07.553Z - Handled HASH_GLOB. Handling time: 1. Response time: 0.
[NX Daemon Server] - 2025-02-20T12:32:07.554Z - [REQUEST]: Responding to the client. handleHashGlob
[NX Daemon Server] - 2025-02-20T12:32:07.554Z - Done responding to the client handleHashGlob
[NX Daemon Server] - 2025-02-20T12:32:07.554Z - Handled HASH_GLOB. Handling time: 1. Response time: 0.
[NX Daemon Server] - 2025-02-20T12:32:07.555Z - [REQUEST]: Responding to the client. handleHashGlob
[NX Daemon Server] - 2025-02-20T12:32:07.555Z - Done responding to the client handleHashGlob
[NX Daemon Server] - 2025-02-20T12:32:07.555Z - Handled HASH_GLOB. Handling time: 1. Response time: 0.
[NX Daemon Server] - 2025-02-20T12:32:07.569Z - [REQUEST]: Responding to the client. handleHashGlob
[NX Daemon Server] - 2025-02-20T12:32:07.569Z - Done responding to the client handleHashGlob
[NX Daemon Server] - 2025-02-20T12:32:07.569Z - Handled HASH_GLOB. Handling time: 1. Response time: 0.
[NX Daemon Server] - 2025-02-20T12:32:07.570Z - [REQUEST]: Responding to the client. handleHashGlob
[NX Daemon Server] - 2025-02-20T12:32:07.570Z - Done responding to the client handleHashGlob
[NX Daemon Server] - 2025-02-20T12:32:07.570Z - Handled HASH_GLOB. Handling time: 0. Response time: 0.
[NX Daemon Server] - 2025-02-20T12:32:07.571Z - [REQUEST]: Responding to the client. handleHashGlob
[NX Daemon Server] - 2025-02-20T12:32:07.571Z - Done responding to the client handleHashGlob
[NX Daemon Server] - 2025-02-20T12:32:07.571Z - Handled HASH_GLOB. Handling time: 1. Response time: 0.
[NX Daemon Server] - 2025-02-20T12:32:07.572Z - [REQUEST]: Responding to the client. handleHashGlob
[NX Daemon Server] - 2025-02-20T12:32:07.572Z - Done responding to the client handleHashGlob
[NX Daemon Server] - 2025-02-20T12:32:07.572Z - Handled HASH_GLOB. Handling time: 0. Response time: 0.
[NX Daemon Server] - 2025-02-20T12:32:07.573Z - [REQUEST]: Responding to the client. handleHashGlob
[NX Daemon Server] - 2025-02-20T12:32:07.573Z - Done responding to the client handleHashGlob
[NX Daemon Server] - 2025-02-20T12:32:07.573Z - Handled HASH_GLOB. Handling time: 0. Response time: 0.
[NX Daemon Server] - 2025-02-20T12:32:07.574Z - [REQUEST]: Responding to the client. handleHashGlob
[NX Daemon Server] - 2025-02-20T12:32:07.574Z - Done responding to the client handleHashGlob
[NX Daemon Server] - 2025-02-20T12:32:07.574Z - Handled HASH_GLOB. Handling time: 0. Response time: 0.
[NX Daemon Server] - 2025-02-20T12:32:07.583Z - [REQUEST]: Responding to the client. handleHashGlob
[NX Daemon Server] - 2025-02-20T12:32:07.583Z - Done responding to the client handleHashGlob
[NX Daemon Server] - 2025-02-20T12:32:07.583Z - Handled HASH_GLOB. Handling time: 0. Response time: 0.
[NX Daemon Server] - 2025-02-20T12:32:07.584Z - [REQUEST]: Responding to the client. handleHashGlob
[NX Daemon Server] - 2025-02-20T12:32:07.584Z - Done responding to the client handleHashGlob
[NX Daemon Server] - 2025-02-20T12:32:07.584Z - Handled HASH_GLOB. Handling time: 1. Response time: 0.
[NX Daemon Server] - 2025-02-20T12:32:07.585Z - [REQUEST]: Responding to the client. handleHashGlob
[NX Daemon Server] - 2025-02-20T12:32:07.585Z - Done responding to the client handleHashGlob
[NX Daemon Server] - 2025-02-20T12:32:07.585Z - Handled HASH_GLOB. Handling time: 0. Response time: 0.
[NX Daemon Server] - 2025-02-20T12:32:07.586Z - [REQUEST]: Responding to the client. handleHashGlob
[NX Daemon Server] - 2025-02-20T12:32:07.586Z - Done responding to the client handleHashGlob
[NX Daemon Server] - 2025-02-20T12:32:07.586Z - Handled HASH_GLOB. Handling time: 1. Response time: 0.
[NX Daemon Server] - 2025-02-20T12:32:07.587Z - [REQUEST]: Responding to the client. handleHashGlob
[NX Daemon Server] - 2025-02-20T12:32:07.587Z - Done responding to the client handleHashGlob
[NX Daemon Server] - 2025-02-20T12:32:07.587Z - Handled HASH_GLOB. Handling time: 0. Response time: 0.
[NX Daemon Server] - 2025-02-20T12:32:07.592Z - Time taken for 'build-project-configs' 44.8089589998126ms
[NX Daemon Server] - 2025-02-20T12:32:07.615Z - [SYNC]: collect registered sync generators
[NX Daemon Server] - 2025-02-20T12:32:07.615Z - [SYNC]: project graph hash is the same, not collecting task sync generators
[NX Daemon Server] - 2025-02-20T12:32:07.615Z - [SYNC]: nx.json hash is the same, not collecting global sync generators
[NX Daemon Server] - 2025-02-20T12:32:07.615Z - Time taken for 'total execution time for createProjectGraph()' 19.15237499959767ms
[NX Daemon Server] - 2025-02-20T12:32:07.781Z - [WATCHER]: Processing file changes in outputs
[NX Daemon Server] - 2025-02-20T12:32:07.944Z - [REQUEST]: Client Request for Project Graph Received
[NX Daemon Server] - 2025-02-20T12:32:07.945Z - [REQUEST]: Responding to the client. project-graph
[NX Daemon Server] - 2025-02-20T12:32:07.946Z - Time taken for 'total for creating and serializing project graph' 0.46995799988508224ms
[NX Daemon Server] - 2025-02-20T12:32:07.948Z - Done responding to the client project-graph
[NX Daemon Server] - 2025-02-20T12:32:07.948Z - Handled REQUEST_PROJECT_GRAPH. Handling time: 1. Response time: 3.
[NX Daemon Server] - 2025-02-20T12:32:08.447Z - Established a connection. Number of open connections: 13
[NX Daemon Server] - 2025-02-20T12:32:08.451Z - [REQUEST]: Client Request for Project Graph Received
[NX Daemon Server] - 2025-02-20T12:32:08.451Z - [REQUEST]: Responding to the client. project-graph
[NX Daemon Server] - 2025-02-20T12:32:08.452Z - Time taken for 'total for creating and serializing project graph' 0.2971249995753169ms
[NX Daemon Server] - 2025-02-20T12:32:08.452Z - Closed a connection. Number of open connections: 12
[NX Daemon Server] - 2025-02-20T12:32:08.454Z - Done responding to the client project-graph
[NX Daemon Server] - 2025-02-20T12:32:08.454Z - Handled REQUEST_PROJECT_GRAPH. Handling time: 0. Response time: 3.
[NX Daemon Server] - 2025-02-20T12:32:08.462Z - [REQUEST]: Responding to the client. handleContextFileData
[NX Daemon Server] - 2025-02-20T12:32:08.462Z - Done responding to the client handleContextFileData
[NX Daemon Server] - 2025-02-20T12:32:08.462Z - Handled GET_CONTEXT_FILE_DATA. Handling time: 1. Response time: 0.
[NX Daemon Server] - 2025-02-20T12:32:08.462Z - Closed a connection. Number of open connections: 11
[NX Daemon Server] - 2025-02-20T12:32:08.507Z - Closed a connection. Number of open connections: 10
[NX Daemon Server] - 2025-02-20T12:32:08.508Z - Established a connection. Number of open connections: 11
[NX Daemon Server] - 2025-02-20T12:32:08.508Z - Established a connection. Number of open connections: 12
[NX Daemon Server] - 2025-02-20T12:32:08.508Z - Closed a connection. Number of open connections: 11
[NX Daemon Server] - 2025-02-20T12:32:08.508Z - [REQUEST]: Client Request for Project Graph Received
[NX Daemon Server] - 2025-02-20T12:32:08.509Z - [REQUEST]: Responding to the client. project-graph
[NX Daemon Server] - 2025-02-20T12:32:08.509Z - Time taken for 'total for creating and serializing project graph' 0.11758400034159422ms
[NX Daemon Server] - 2025-02-20T12:32:08.510Z - Done responding to the client project-graph
[NX Daemon Server] - 2025-02-20T12:32:08.510Z - Handled REQUEST_PROJECT_GRAPH. Handling time: 1. Response time: 1.
[NX Daemon Server] - 2025-02-20T12:32:08.514Z - [REQUEST]: Client Request for Project Graph Received
[NX Daemon Server] - 2025-02-20T12:32:08.514Z - [REQUEST]: Responding to the client. project-graph
[NX Daemon Server] - 2025-02-20T12:32:08.514Z - Time taken for 'total for creating and serializing project graph' 0.11720799934118986ms
[NX Daemon Server] - 2025-02-20T12:32:08.515Z - Done responding to the client project-graph
[NX Daemon Server] - 2025-02-20T12:32:08.515Z - Handled REQUEST_PROJECT_GRAPH. Handling time: 0. Response time: 1.
[NX Daemon Server] - 2025-02-20T12:32:08.517Z - Established a connection. Number of open connections: 12
